Company,TypeName,Inches,ScreenResolution,Ram,OpSys,Weight,Touchscreen,IPS_panel,Cpu_brand,HDD,SSD,Gpu_brand,PRICE
Asus,Notebook,15.6,1920x1080,4,Windows,2.0,0,0,Other Intel Processor,1000,0,Intel,18328.32
HP,Notebook,15.6,1920x1080,8,Windows,2.1,0,1,Intel Core i3,1000,0,Nvidia,38148.48
HP,Notebook,14.0,1366x768,4,Windows,1.64,0,0,Intel Core i5,500,0,Intel,41505.12
Dell,Notebook,15.6,1920x1080,8,Windows,2.18,0,0,Intel Core i5,0,256,AMD,42081.0768
Dell,Ultrabook,13.3,1920x1080,8,Windows,1.2,0,0,Intel Core i7,0,256,Intel,84129.12
MSI,Gaming,17.3,1920x1080,16,Windows,2.9,0,0,Intel Core i7,1000,512,Nvidia,128671.2
Dell,Workstation,15.6,1920x1080,16,Windows,2.17,0,1,Intel Core i7,0,512,Nvidia,124568.64
Dell,Notebook,15.6,1920x1080,8,Windows,2.2,0,0,Intel Core i5,0,256,AMD,42486.0048
Asus,2 in 1 Convertible,11.6,1366x768,4,Windows,1.5,1,0,Other Intel Processor,0,0,Intel,19980.0
Asus,Gaming,15.6,1920x1080,8,Windows,2.3,0,1,Intel Core i5,1000,128,Nvidia,87858.72
HP,Notebook,14.0,1920x1080,8,Windows,1.63,0,0,Intel Core i7,0,256,Intel,52640.64
HP,Notebook,15.6,1920x1080,4,Windows,1.86,0,0,Intel Core i3,1000,0,Intel,24988.32
Lenovo,Gaming,15.6,1920x1080,8,Others/No OS/Linux,2.4,0,1,Intel Core i5,1000,128,Nvidia,43103.52
Dell,Notebook,15.6,1920x1080,16,Windows,1.93,0,0,Intel Core i7,0,256,Nvidia,81912.13919999999
Lenovo,Notebook,15.6,1366x768,12,Windows,2.2,1,0,Intel Core i7,1000,0,Intel,32447.52
Lenovo,Notebook,15.6,1920x1080,4,Windows,2.2,0,0,AMD Processor,0,256,AMD,21258.72
Dell,2 in 1 Convertible,15.6,1920x1080,8,Windows,1.56,1,0,Intel Core i7,0,256,Intel,55890.72
Lenovo,Notebook,15.6,1920x1080,4,Others/No OS/Linux,1.85,0,0,Intel Core i3,0,128,Intel,21498.48
Asus,Ultrabook,13.3,1920x1080,8,Windows,1.45,0,0,Intel Core i7,0,256,Intel,68198.4
Toshiba,Notebook,14.0,1366x768,4,Windows,1.75,0,0,Intel Core i5,500,0,Intel,48751.2
Dell,Notebook,15.6,1920x1080,8,Windows,2.09,0,0,Intel Core i5,500,0,Intel,55754.3232
Acer,2 in 1 Convertible,14.0,1920x1080,8,Windows,1.2,1,1,Intel Core i7,0,256,Intel,61218.72
Samsung,Ultrabook,13.3,1920x1080,8,Windows,0.81,0,0,Intel Core i5,0,256,Intel,79866.72
MSI,Gaming,17.3,1920x1080,8,Windows,2.9,0,0,Intel Core i7,1000,128,Nvidia,80516.20319999999
Dell,Notebook,15.6,1920x1080,8,Others/No OS/Linux,2.2,0,0,Intel Core i7,1000,0,AMD,31962.672
HP,Notebook,14.0,1366x768,2,Windows,1.44,0,0,Other Intel Processor,0,0,Intel,14865.12
HP,2 in 1 Convertible,13.3,2560x1440,8,Windows,1.48,1,0,Intel Core i7,0,256,Intel,95850.72
Lenovo,Notebook,15.6,3840x2160,32,Windows,2.5,0,1,Other Intel Processor,0,1000,Nvidia,261018.72
Asus,Notebook,15.6,1920x1080,4,Others/No OS/Linux,2.0,0,0,Intel Core i5,0,256,Intel,29783.52
Lenovo,2 in 1 Convertible,14.0,1920x1080,4,Windows,1.74,1,1,Intel Core i3,0,256,Intel,33513.119999999995
HP,2 in 1 Convertible,13.3,1920x1080,8,Windows,1.28,1,0,Intel Core i7,0,256,Intel,136343.52
Asus,Notebook,15.6,1366x768,4,Windows,2.37,0,0,Intel Core i7,0,256,Intel,45282.672
Lenovo,Notebook,14.0,1920x1080,8,Windows,1.8,0,0,Intel Core i5,0,256,Intel,63456.48
Lenovo,Notebook,15.6,1920x1080,8,Windows,2.3,0,0,Intel Core i5,1000,128,Nvidia,43636.32
Acer,Gaming,15.6,1920x1080,8,Others/No OS/Linux,2.4,0,0,Intel Core i5,1000,0,Nvidia,42517.44
Dell,Notebook,15.6,1920x1080,8,Others/No OS/Linux,2.33,0,0,Intel Core i7,0,256,AMD,41498.1936
Lenovo,2 in 1 Convertible,15.6,3840x2160,16,Windows,2.0,1,1,Intel Core i7,0,512,Nvidia,101178.72
Razer,Ultrabook,12.5,3840x2160,8,Windows,1.25,1,0,Intel Core i7,0,256,Intel,54825.12
Acer,2 in 1 Convertible,13.3,1920x1080,8,Windows,1.6,1,1,Intel Core i5,0,256,Intel,53226.72
Dell,Notebook,15.6,1366x768,4,Windows,2.18,0,0,Intel Core i3,1000,0,Intel,31254.048
Dell,Notebook,15.6,1366x768,4,Windows,1.8,0,0,Other Intel Processor,500,0,Intel,16463.52
HP,Netbook,11.6,1366x768,2,Windows,1.17,0,0,Other Intel Processor,0,0,Intel,11135.52
Lenovo,Notebook,15.6,1366x768,4,Windows,2.1,0,0,Intel Core i5,500,0,Intel,28771.2
HP,Notebook,14.0,1920x1080,4,Windows,1.95,0,0,Intel Core i5,0,128,Intel,67399.2
Toshiba,Notebook,14.0,1920x1080,8,Windows,1.95,0,0,Intel Core i5,0,256,Intel,62870.4
LG,Ultrabook,15.6,1920x1080,16,Windows,1.08,1,1,Intel Core i7,0,512,Intel,111834.72
Dell,Notebook,15.6,1366x768,4,Windows,1.9,0,0,Intel Core i5,500,0,Intel,43956.0
Lenovo,Notebook,15.6,1920x1080,8,Windows,1.9,0,0,Intel Core i5,1000,128,AMD,43316.64
Dell,2 in 1 Convertible,17.3,1920x1080,16,Windows,2.77,1,0,Intel Core i7,0,512,Nvidia,95850.72
HP,Gaming,17.3,1920x1080,8,Windows,2.75,0,1,Intel Core i5,1000,128,Nvidia,74538.72
Dell,Gaming,15.6,1920x1080,8,Windows,2.65,0,0,Intel Core i5,0,0,Nvidia,50562.72
Lenovo,Notebook,15.6,1920x1080,8,Windows,2.05,0,0,Intel Core i5,0,256,Intel,39373.92
Dell,Gaming,17.3,1920x1080,32,Windows,4.42,0,1,Intel Core i7,1000,256,Nvidia,167778.72
Dell,Notebook,15.6,1920x1080,8,Others/No OS/Linux,1.98,0,0,Intel Core i5,1000,0,Intel,38681.28
Asus,Gaming,17.3,1920x1080,8,Windows,3.2,0,0,AMD Processor,1000,256,AMD,90309.6
Lenovo,Ultrabook,14.0,1920x1080,8,Windows,1.13,0,1,Intel Core i7,0,0,Intel,109170.72
Asus,Gaming,15.6,1920x1080,16,Windows,2.2,0,1,Intel Core i7,1000,128,Nvidia,77202.72
Dell,Notebook,15.6,1920x1080,8,Windows,2.18,0,0,Intel Core i5,0,256,Intel,42357.6
Asus,Gaming,17.3,1920x1080,8,Windows,3.0,0,0,Intel Core i7,1000,0,Nvidia,55357.92
HP,Notebook,13.3,3200x1800,8,Windows,1.16,1,0,Other Intel Processor,0,256,Intel,90522.72
Lenovo,Notebook,15.6,1920x1080,4,Windows,2.2,0,0,Intel Core i7,1000,0,Nvidia,42570.72
Mediacom,Notebook,14.0,1920x1200,4,Windows,1.4,0,1,Other Intel Processor,32,0,Intel,14119.2
HP,Notebook,15.6,1920x1080,8,Windows,2.1,0,0,Intel Core i7,1000,0,AMD,39693.6
Acer,Notebook,15.6,1366x768,2,Others/No OS/Linux,2.19,0,0,Other Intel Processor,0,16,Intel,10602.72
Acer,Notebook,15.6,1920x1080,12,Windows,2.15,1,1,Intel Core i7,1000,0,Intel,35111.52
Dell,2 in 1 Convertible,13.3,1920x1080,8,Windows,1.62,1,0,Intel Core i7,0,256,Intel,42517.9728
Apple,Ultrabook,11.6,1366x768,4,Mac,1.08,0,0,Intel Core i5,0,0,Intel,51095.52
Lenovo,Notebook,14.0,1920x1080,8,Windows,1.7,0,0,Intel Core i5,0,180,Intel,63882.72
Asus,2 in 1 Convertible,13.3,1920x1080,8,Windows,1.1,1,0,Intel Core i7,0,1024,Intel,79866.72
Asus,Ultrabook,15.6,1920x1080,8,Windows,1.7,0,0,Intel Core i7,0,256,Nvidia,55938.672
Dell,Notebook,15.6,1920x1080,8,Windows,2.0,0,0,Intel Core i5,0,256,Nvidia,60885.72
Asus,Notebook,15.6,1920x1080,4,Others/No OS/Linux,2.0,0,0,Intel Core i3,0,256,Intel,22111.2
Dell,Gaming,17.3,2560x1440,16,Windows,4.36,0,0,Intel Core i7,1000,512,Nvidia,146946.24
Lenovo,Netbook,12.5,1920x1080,16,Windows,1.3,1,1,Intel Core i7,0,512,Intel,87912.0
Acer,Notebook,15.6,1366x768,4,Windows,2.4,0,0,Intel Core i3,500,0,Intel,23976.0
Lenovo,Ultrabook,12.5,1920x1080,8,Windows,1.3,1,1,Intel Core i7,0,256,Intel,91294.7472
Dell,Notebook,15.6,1920x1080,8,Windows,1.9,0,0,Intel Core i5,0,128,Intel,50349.6
Lenovo,Notebook,11.6,1366x768,2,Windows,1.15,0,0,Other Intel Processor,0,0,Intel,16221.096
Lenovo,Notebook,15.6,1920x1080,4,Windows,1.85,0,0,Intel Core i3,1000,0,Intel,23922.72
Asus,Gaming,17.3,1920x1080,32,Windows,3.58,0,1,Intel Core i7,0,512,Nvidia,68145.12
HP,Notebook,15.6,1366x768,4,Others/No OS/Linux,1.86,0,0,Intel Core i3,500,0,Intel,19441.872
Asus,Ultrabook,14.0,1920x1080,16,Windows,1.1,0,0,Intel Core i7,0,512,Intel,101232.0
Toshiba,Notebook,13.3,1920x1080,8,Windows,1.05,0,0,Intel Core i5,0,256,Intel,78588.0
HP,Notebook,15.6,1366x768,8,Windows,2.04,0,0,AMD Processor,2000,0,AMD,33513.119999999995
Asus,Gaming,15.6,1920x1080,16,Windows,2.2,0,0,Intel Core i7,1000,256,Nvidia,130482.72
Dell,Gaming,17.3,3840x2160,32,Windows,4.36,0,0,Intel Core i7,1000,1000,Nvidia,194972.832
Dell,Gaming,15.6,3840x2160,16,Windows,2.72,1,1,Intel Core i7,1000,128,Nvidia,58554.72
Acer,Netbook,11.6,1366x768,4,Windows,1.4,0,0,Other Intel Processor,0,128,Intel,23176.8
HP,Ultrabook,12.5,1920x1080,8,Windows,1.26,0,0,Intel Core i7,0,256,Intel,71128.8
Lenovo,Workstation,15.6,3840x2160,16,Windows,2.3,0,1,Intel Core i7,0,512,Nvidia,130269.6
Lenovo,Ultrabook,12.5,2560x1440,8,Windows,0.99,1,1,Other Intel Processor,0,512,Intel,74538.72
Lenovo,Gaming,15.6,1920x1080,8,Windows,2.5,0,1,Intel Core i7,1000,128,Nvidia,63349.92
Lenovo,Notebook,15.6,1920x1080,4,Windows,2.2,0,0,AMD Processor,0,128,AMD,21258.72
HP,Notebook,17.3,1920x1080,8,Windows,2.5,0,0,Intel Core i5,0,256,Intel,49443.84
Acer,Gaming,17.3,1920x1080,16,Windows,4.2,0,1,Intel Core i7,1000,256,Nvidia,138474.72
HP,Ultrabook,12.5,1366x768,8,Windows,1.26,0,0,Intel Core i5,0,256,Intel,100965.6
HP,Notebook,17.3,1920x1080,6,Windows,2.71,0,1,Intel Core i5,2000,0,AMD,37242.72
Dell,Notebook,15.6,1920x1080,8,Windows,1.9,0,0,Intel Core i5,0,256,Intel,59513.2272
Dell,Notebook,17.3,1920x1080,8,Windows,2.8,0,0,Intel Core i7,1000,128,AMD,60845.76
HP,Notebook,15.6,1366x768,4,Windows,1.88,0,0,Intel Core i5,500,0,Intel,49656.96
HP,Notebook,15.6,1366x768,4,Windows,1.96,0,0,Other Intel Processor,1000,0,Intel,26640.0
HP,Ultrabook,12.5,1920x1080,8,Windows,1.26,0,0,Intel Core i5,0,256,Intel,63882.72
Asus,Gaming,17.3,1920x1080,32,Windows,3.8,0,1,Intel Core i7,0,512,Nvidia,149130.72
Asus,Notebook,14.0,1920x1080,8,Windows,2.0,0,0,Intel Core i7,1000,256,Intel,71075.52
Dell,Notebook,15.6,1920x1080,8,Windows,2.02,0,0,Intel Core i7,2000,128,AMD,51729.55199999999
Lenovo,Notebook,15.6,1920x1080,4,Others/No OS/Linux,2.2,0,0,Intel Core i5,1000,0,Nvidia,26586.72
HP,Notebook,17.3,1600x900,8,Windows,2.54,0,0,Intel Core i3,1000,0,Intel,26053.92
Lenovo,Notebook,15.6,1920x1080,8,Windows,1.95,0,1,Intel Core i5,0,256,Intel,74059.2
Mediacom,2 in 1 Convertible,11.6,1920x1080,4,Windows,1.16,1,1,Other Intel Processor,0,32,Intel,15930.72
Lenovo,Notebook,14.0,1920x1080,8,Windows,1.75,0,1,Intel Core i5,0,256,AMD,59461.5456
Lenovo,Notebook,13.3,1920x1080,4,Windows,1.44,0,0,Intel Core i5,0,128,Intel,46939.68
Apple,Ultrabook,12.0,2304x1440,8,Mac,0.92,0,1,Other Intel Processor,0,0,Intel,68145.12
Lenovo,Ultrabook,14.0,2560x1440,8,Windows,1.17,0,1,Intel Core i7,0,512,Intel,89864.1792
HP,Notebook,13.3,1920x1080,4,Windows,1.32,0,1,Intel Core i5,0,256,Intel,37242.72
Toshiba,Notebook,14.0,1920x1080,4,Windows,1.47,0,1,Intel Core i5,0,128,Intel,58874.4
Dell,Notebook,15.6,1366x768,8,Windows,2.36,0,0,Intel Core i7,1000,0,AMD,39906.72
Dell,Gaming,17.3,1920x1080,16,Windows,4.42,0,1,Intel Core i7,1000,256,Nvidia,130873.7952
Lenovo,Notebook,14.0,1920x1080,8,Windows,1.65,0,0,Intel Core i5,0,256,Intel,71661.59999999999
Toshiba,Notebook,15.6,1366x768,8,Windows,2.2,0,0,Intel Core i7,500,0,Nvidia,43263.36
HP,Notebook,15.6,1366x768,8,Windows,2.1,0,1,Intel Core i7,1000,0,Intel,48058.56
MSI,Gaming,14.0,1920x1080,16,Windows,1.6,0,1,Intel Core i7,1000,256,Nvidia,100752.48
Lenovo,Notebook,14.0,1366x768,4,Windows,1.44,0,0,Other Intel Processor,0,0,Intel,15557.76
Dell,Gaming,17.3,1920x1080,16,Windows,4.42,0,1,Intel Core i7,1000,256,Nvidia,143802.72
Dell,2 in 1 Convertible,12.5,1920x1080,8,Windows,1.34,1,0,Intel Core i5,0,256,Intel,88977.59999999999
Microsoft,Ultrabook,13.5,2256x1504,8,Windows,1.252,1,0,Intel Core i7,0,256,Intel,99519.048
Lenovo,Notebook,15.6,1920x1080,4,Others/No OS/Linux,2.2,0,0,Intel Core i3,1000,0,Intel,24988.32
Dell,Notebook,15.6,1920x1080,8,Windows,2.06,0,0,Intel Core i5,1000,0,Intel,50882.4
HP,Notebook,15.6,1920x1080,8,Windows,2.2,0,1,Intel Core i5,1000,128,Nvidia,58554.72
HP,2 in 1 Convertible,13.3,1366x768,8,Windows,1.58,1,1,Intel Core i5,0,256,Intel,44574.048
Dell,Gaming,17.3,1920x1080,32,Windows,4.42,0,1,Intel Core i7,1000,1000,Nvidia,191211.264
HP,Notebook,14.0,1920x1080,8,Windows,1.43,0,0,Intel Core i5,0,256,Intel,80612.64
Lenovo,Ultrabook,14.0,2560x1440,24,Windows,1.32,0,0,Intel Core i7,0,512,Intel,126912.96
Dell,Notebook,15.6,1920x1080,8,Others/No OS/Linux,2.2,0,0,Intel Core i7,0,256,AMD,39907.2528
HP,Notebook,17.3,1600x900,8,Windows,2.63,0,0,Intel Core i5,1000,0,Nvidia,48484.8
MSI,Gaming,14.0,1920x1080,16,Windows,1.7,0,0,Intel Core i7,1000,256,Nvidia,94252.32
MSI,Gaming,17.3,1920x1080,16,Windows,3.78,0,1,Intel Core i7,1000,256,Nvidia,82351.6992
Toshiba,Ultrabook,12.5,1920x1080,8,Windows,1.1,1,0,Intel Core i7,0,512,Intel,95371.2
Dell,Ultrabook,13.3,3200x1800,8,Others/No OS/Linux,1.23,1,0,Intel Core i5,0,256,Intel,58554.72
Lenovo,Notebook,17.3,1600x900,4,Windows,2.79,0,0,Intel Core i5,1000,0,Nvidia,31381.92
Lenovo,Notebook,14.0,1920x1080,4,Windows,1.7,0,1,Intel Core i3,0,128,Intel,31914.72
Lenovo,Notebook,15.6,1920x1080,8,Others/No OS/Linux,2.2,0,0,Intel Core i7,1000,0,Nvidia,37775.52
HP,Netbook,12.5,1920x1080,8,Windows,0.97,0,0,Other Intel Processor,0,512,Intel,101658.24
Dell,Gaming,15.6,1920x1080,8,Windows,2.62,0,1,Intel Core i7,1000,128,Nvidia,61751.52
HP,Notebook,15.6,1920x1080,8,Windows,2.1,0,0,Intel Core i5,0,256,Nvidia,46833.12
Chuwi,Notebook,15.6,1920x1080,4,Windows,1.89,0,0,Other Intel Processor,0,0,Intel,13053.0672
Asus,Notebook,17.3,1920x1080,8,Others/No OS/Linux,2.69,0,0,Intel Core i7,1000,128,Nvidia,47365.92
Lenovo,2 in 1 Convertible,14.0,2560x1440,8,Windows,1.27,1,1,Intel Core i7,0,256,Intel,124621.92
Lenovo,Ultrabook,14.0,1920x1080,8,Windows,1.32,0,1,Intel Core i5,0,256,Intel,95850.72
Lenovo,Notebook,15.6,1366x768,4,Others/No OS/Linux,1.9,0,0,Other Intel Processor,1000,0,Intel,13445.7408
Lenovo,Notebook,13.3,1920x1080,8,Windows,1.1,0,1,Intel Core i5,0,256,Intel,53226.72
MSI,Gaming,17.3,1920x1080,16,Windows,2.43,0,1,Intel Core i7,1000,256,Nvidia,103842.1872
Acer,Gaming,15.6,1920x1080,8,Windows,2.7,0,1,Intel Core i7,1000,128,Nvidia,67132.8
Lenovo,Notebook,14.0,1366x768,4,Windows,1.7,0,0,Intel Core i5,0,0,Intel,53386.56
Lenovo,Notebook,15.6,1366x768,4,Others/No OS/Linux,1.9,0,0,Intel Core i3,1000,0,Intel,18061.92
Lenovo,Notebook,15.6,1920x1080,8,Windows,2.6,0,1,Intel Core i7,1000,0,Nvidia,47898.72
Lenovo,Ultrabook,14.0,1920x1080,8,Windows,1.7,0,0,Intel Core i7,0,256,Intel,79866.72
Apple,Ultrabook,15.4,2880x1800,16,Mac,1.83,0,1,Intel Core i7,0,512,AMD,135195.33599999998
Dell,Ultrabook,13.3,3200x1800,8,Windows,1.23,1,0,Intel Core i7,0,256,Intel,73473.12
Lenovo,Notebook,15.6,1366x768,4,Others/No OS/Linux,1.9,0,0,Intel Core i3,500,0,Intel,23976.0
Acer,Notebook,15.6,1366x768,4,Others/No OS/Linux,2.4,0,0,Other Intel Processor,500,0,Intel,15397.92
Dell,Notebook,15.6,3840x2160,8,Windows,2.06,1,0,Intel Core i5,0,256,Nvidia,93186.72
Dell,Notebook,15.6,1366x768,4,Others/No OS/Linux,2.25,0,0,Intel Core i3,1000,0,AMD,24808.2336
Toshiba,Notebook,15.6,1920x1080,8,Windows,2.0,0,1,Intel Core i7,0,256,Intel,73952.64
Lenovo,Netbook,11.6,1366x768,4,Windows,1.59,0,1,Other Intel Processor,0,128,Intel,29463.84
HP,Workstation,17.3,1600x900,8,Windows,3.14,0,0,Intel Core i5,500,0,Nvidia,99153.5472
Lenovo,Notebook,14.0,1920x1080,8,Windows,1.75,0,1,Intel Core i5,0,256,Intel,55890.72
Asus,2 in 1 Convertible,11.6,1366x768,2,Windows,1.1,1,0,Other Intel Processor,0,0,Intel,14652.0
Dell,Ultrabook,13.3,3200x1800,16,Windows,1.2,1,0,Intel Core i7,0,1000,Intel,120093.12
Acer,Notebook,11.6,1366x768,4,Windows,1.4,0,0,Other Intel Processor,0,0,Intel,25840.8
Dell,Notebook,15.6,1366x768,4,Others/No OS/Linux,2.25,0,0,Intel Core i3,1000,0,Intel,19127.52
MSI,Gaming,15.6,1920x1080,8,Windows,2.4,0,0,Intel Core i5,0,256,Nvidia,63882.72
Acer,Notebook,15.6,1366x768,4,Windows,2.1,0,0,AMD Processor,500,0,AMD,21312.0
HP,Notebook,15.6,1920x1080,8,Windows,1.91,0,0,Intel Core i7,0,256,AMD,38308.32
Dell,Gaming,17.3,2560x1440,16,Windows,4.42,0,1,Intel Core i7,1000,256,Nvidia,149130.72
Acer,Notebook,14.0,1366x768,2,Others/No OS/Linux,1.68,0,0,Other Intel Processor,0,0,Intel,17582.399999999998
Lenovo,Notebook,14.0,1920x1080,8,Windows,1.7,0,1,Intel Core i5,0,256,Intel,78534.72
Mediacom,Notebook,14.0,1920x1080,4,Windows,1.4,0,0,Other Intel Processor,0,32,Intel,13266.72
HP,2 in 1 Convertible,11.6,1366x768,8,Others/No OS/Linux,1.4,1,0,Other Intel Processor,0,0,Intel,26373.6
Asus,Notebook,15.6,1920x1080,8,Others/No OS/Linux,2.3,0,0,Intel Core i3,1000,0,Nvidia,31808.16
Asus,2 in 1 Convertible,12.5,1920x1080,8,Others/No OS/Linux,1.2,0,0,Other Intel Processor,0,0,Intel,61751.52
Dell,Notebook,15.6,1366x768,4,Others/No OS/Linux,2.2,0,0,Other Intel Processor,500,0,Intel,17262.72
Dell,Notebook,13.3,1366x768,4,Windows,1.65,0,0,Intel Core i3,500,0,Intel,45234.72
Asus,2 in 1 Convertible,15.6,1366x768,8,Windows,2.2,1,0,Intel Core i5,1000,0,Intel,39373.92
Asus,Notebook,15.6,1920x1080,8,Windows,2.0,0,0,Intel Core i5,0,256,Nvidia,40972.32
Lenovo,Notebook,14.0,1920x1080,8,Windows,1.7,0,0,Intel Core i5,0,180,Intel,72673.92
HP,Ultrabook,15.6,1920x1080,8,Windows,1.84,0,0,Intel Core i7,0,512,Intel,74005.92
Acer,Notebook,15.6,1366x768,4,Others/No OS/Linux,2.4,0,0,Other Intel Processor,500,0,Intel,15397.92
Dell,Notebook,14.0,1920x1080,8,Windows,1.64,0,0,Intel Core i5,0,256,Intel,68184.0144
HP,Notebook,15.6,1366x768,4,Windows,1.86,0,0,Intel Core i3,500,0,AMD,23373.4032
Lenovo,Notebook,15.6,1366x768,4,Others/No OS/Linux,1.9,0,0,Intel Core i3,1000,0,AMD,19607.04
HP,Notebook,14.0,1366x768,4,Windows,1.44,0,0,Other Intel Processor,0,32,Intel,12201.12
Dell,Notebook,15.6,1920x1080,8,Windows,2.18,0,0,Intel Core i5,0,256,Intel,39960.0
Asus,Gaming,17.3,1920x1080,16,Windows,2.9,0,0,Intel Core i7,1000,256,Nvidia,74964.95999999999
Apple,Ultrabook,15.4,2880x1800,16,Mac,1.83,0,1,Intel Core i7,0,256,AMD,130001.6016
Lenovo,2 in 1 Convertible,13.3,1920x1080,8,Windows,1.37,1,1,Intel Core i7,0,512,Intel,107892.0
Lenovo,2 in 1 Convertible,13.3,3200x1800,8,Windows,1.3,1,1,Intel Core i5,0,256,Intel,63882.72
Asus,Ultrabook,15.6,1920x1080,16,Windows,1.63,0,0,Intel Core i7,0,512,Nvidia,78215.04
Lenovo,2 in 1 Convertible,13.3,1920x1080,8,Windows,1.3,1,1,Intel Core i5,0,256,Intel,55091.52
Acer,Netbook,11.6,1366x768,4,Others/No OS/Linux,1.25,0,1,Other Intel Processor,0,0,Intel,15824.16
MSI,Gaming,15.6,1920x1080,8,Windows,2.2,0,1,Intel Core i7,1000,0,Nvidia,44701.92
Asus,Gaming,17.3,1920x1080,16,Windows,4.3,0,1,Intel Core i7,1000,256,Nvidia,125208.0
Lenovo,Notebook,15.6,1366x768,4,Windows,2.2,0,0,Other Intel Processor,500,0,Intel,22324.32
Asus,Gaming,17.3,1920x1080,12,Windows,2.2,0,0,Intel Core i5,1000,128,Nvidia,72988.272
HP,Ultrabook,14.0,2560x1440,8,Windows,1.54,0,0,Intel Core i7,0,256,Intel,117119.5632
Lenovo,Notebook,15.6,1920x1080,8,Windows,2.3,0,1,Intel Core i5,0,256,Nvidia,53918.82719999999
HP,Notebook,14.0,1366x768,8,Windows,2.31,0,0,Intel Core i5,0,256,Intel,59886.72
Lenovo,2 in 1 Convertible,13.9,1920x1080,8,Windows,1.38,1,1,Intel Core i7,0,256,Intel,71874.72
Lenovo,Notebook,17.3,1600x900,8,Others/No OS/Linux,2.8,0,0,Intel Core i5,1000,0,Intel,28717.92
Dell,Gaming,15.6,1920x1080,16,Windows,2.62,0,0,Intel Core i7,1000,256,Nvidia,78801.12
Dell,2 in 1 Convertible,13.3,3200x1800,16,Windows,1.22,1,0,Intel Core i7,0,512,Intel,101178.72
Asus,Notebook,15.6,1366x768,4,Windows,2.2,0,0,Other Intel Processor,500,0,Intel,19660.32
Lenovo,2 in 1 Convertible,14.0,2560x1440,16,Windows,1.36,1,0,Intel Core i7,0,512,Intel,133146.72
Dell,Notebook,15.6,1920x1080,16,Windows,2.2,0,0,Intel Core i7,2000,256,AMD,64961.10719999999
Lenovo,Notebook,17.3,1600x900,6,Windows,2.8,0,0,Intel Core i5,1000,128,Nvidia,38308.32
Asus,Notebook,15.6,1920x1080,4,Windows,2.2,0,0,AMD Processor,1000,128,AMD,30636.0
Dell,2 in 1 Convertible,13.3,1920x1080,8,Windows,1.6,1,1,Intel Core i5,0,256,Intel,63882.72
Asus,Notebook,15.6,1920x1080,8,Windows,2.3,0,0,Intel Core i5,128,0,Intel,31435.2
HP,Notebook,15.6,1920x1080,8,Others/No OS/Linux,1.86,0,0,Intel Core i5,0,256,Intel,30636.0
Apple,Ultrabook,15.4,2880x1800,16,Mac,2.04,0,1,Intel Core i7,0,0,Intel,114017.6016
Asus,2 in 1 Convertible,15.6,1920x1080,12,Windows,2.26,1,0,Intel Core i7,2000,512,Nvidia,58554.72
Dell,Ultrabook,13.3,3840x2160,16,Windows,1.21,1,1,Intel Core i7,0,1000,Intel,133146.72
Toshiba,Ultrabook,13.3,1920x1080,16,Windows,1.05,0,0,Intel Core i7,0,512,Intel,118601.28
Lenovo,Notebook,15.6,1920x1080,4,Windows,2.4,0,0,Intel Core i5,1000,0,Nvidia,32447.52
HP,Notebook,13.3,1920x1080,4,Windows,1.49,0,0,Intel Core i3,0,128,Intel,38308.32
Asus,Notebook,14.0,1920x1080,4,Windows,1.5,0,0,Other Intel Processor,0,0,Intel,15877.44
HP,Ultrabook,14.0,1920x1080,8,Windows,1.54,0,0,Intel Core i7,0,256,Intel,100550.5488
Dell,Ultrabook,13.3,1920x1080,8,Windows,1.4,0,1,Intel Core i7,0,256,AMD,49650.5664
Dell,Notebook,15.6,1920x1080,8,Windows,1.93,0,0,Intel Core i7,0,256,Nvidia,72940.31999999999
Lenovo,Ultrabook,12.5,1920x1080,8,Windows,1.36,0,1,Intel Core i7,0,256,Intel,84395.52
Dell,Notebook,15.6,1920x1080,8,Windows,2.2,0,0,Intel Core i5,0,256,AMD,42624.0
Acer,Notebook,15.6,1920x1080,4,Windows,2.23,0,0,Intel Core i5,1000,0,Nvidia,32820.48
Asus,Gaming,17.3,1920x1080,16,Windows,4.0,0,1,Intel Core i7,1000,128,Nvidia,101232.0
Xiaomi,Notebook,15.6,1920x1080,16,Others/No OS/Linux,1.95,0,1,Intel Core i7,0,256,Nvidia,74589.336
HP,Notebook,15.6,1366x768,4,Windows,1.63,0,0,Intel Core i3,0,128,Intel,36709.92
Dell,Gaming,15.6,1920x1080,16,Windows,2.6,0,0,Intel Core i7,1000,128,Nvidia,71874.72
HP,Notebook,15.6,1920x1080,6,Windows,1.95,0,1,AMD Processor,0,256,AMD,34578.72
HP,Workstation,15.6,1920x1080,8,Windows,2.59,0,1,Intel Core i7,0,256,Nvidia,118761.12
HP,Notebook,15.6,1920x1080,8,Windows,1.84,0,0,Intel Core i5,0,256,AMD,71874.72
Dell,Notebook,15.6,1920x1080,8,Windows,2.0,0,0,Intel Core i7,0,256,Nvidia,96969.6
Toshiba,Notebook,15.6,1920x1080,16,Windows,2.4,0,1,Intel Core i7,0,512,Nvidia,74751.84
Lenovo,2 in 1 Convertible,14.0,2560x1440,16,Windows,2.8,1,1,Intel Core i7,0,512,Intel,130003.2
Asus,Gaming,15.6,1920x1080,8,Others/No OS/Linux,2.5,0,1,Intel Core i7,1000,0,Nvidia,62284.32
HP,Notebook,15.6,1366x768,8,Windows,1.91,0,0,AMD Processor,0,128,AMD,23757.552
Asus,Gaming,17.3,1920x1080,8,Windows,3.0,0,0,Intel Core i7,1000,0,Nvidia,63243.36
Dell,Notebook,15.6,1366x768,4,Windows,2.3,0,0,Intel Core i3,1000,0,Intel,22305.1392
Dell,Ultrabook,15.6,1920x1080,8,Windows,1.9,0,1,Intel Core i5,1000,128,Nvidia,55890.72
Dell,Notebook,15.6,1920x1080,8,Windows,1.9,0,0,Intel Core i5,0,256,Intel,73366.56
Asus,Gaming,17.3,1920x1080,8,Windows,3.2,0,0,AMD Processor,1000,256,AMD,69210.72
HP,Notebook,14.0,1920x1080,8,Windows,1.95,0,0,Intel Core i5,0,256,Intel,52214.4
Lenovo,Notebook,15.6,1920x1080,4,Windows,1.85,0,0,Intel Core i3,1000,0,Intel,22105.872
Toshiba,Notebook,15.6,1366x768,8,Windows,2.2,0,0,Intel Core i5,0,256,Intel,59620.32
Dell,Notebook,15.6,1920x1080,8,Windows,2.13,0,0,Intel Core i7,0,256,AMD,40908.384
Asus,Gaming,17.3,1920x1080,8,Windows,3.0,0,0,Intel Core i7,1000,128,Nvidia,62231.04
Lenovo,Notebook,15.6,1920x1080,8,Others/No OS/Linux,2.2,0,0,Intel Core i5,0,256,Intel,29250.72
Acer,Notebook,15.6,1920x1080,6,Windows,2.1,1,1,Intel Core i3,1000,0,Intel,25521.12
Asus,Notebook,14.0,1366x768,4,Windows,1.63,0,0,Other Intel Processor,0,0,Intel,15930.72
HP,Netbook,12.5,1920x1080,8,Windows,1.26,0,0,Intel Core i7,0,512,Intel,79014.23999999999
Dell,Notebook,15.6,1920x1080,8,Windows,2.2,0,0,Intel Core i7,0,256,AMD,46353.6
Lenovo,Notebook,17.3,1920x1080,4,Others/No OS/Linux,2.8,0,0,Intel Core i3,500,0,Intel,28185.12
Apple,Ultrabook,13.3,2560x1600,8,Mac,1.37,0,1,Intel Core i5,0,256,Intel,75604.31999999999
Lenovo,2 in 1 Convertible,13.3,1920x1080,8,Windows,1.37,1,1,Intel Core i5,0,512,Intel,97236.0
Lenovo,2 in 1 Convertible,13.3,1920x1080,8,Windows,1.37,1,1,Intel Core i7,0,512,Intel,104961.6
Fujitsu,Notebook,15.6,1366x768,4,Windows,2.3,0,0,Intel Core i5,0,256,Intel,34578.72
Asus,Gaming,15.6,1920x1080,16,Windows,2.5,0,0,Intel Core i7,1000,256,Nvidia,95850.72
Asus,Notebook,15.6,1366x768,4,Windows,2.0,0,0,Other Intel Processor,500,0,Intel,16197.12
Lenovo,Notebook,14.0,1920x1080,8,Windows,1.65,0,0,Intel Core i5,0,256,Intel,78055.2
HP,Ultrabook,13.3,1920x1080,8,Windows,1.16,0,0,Intel Core i7,0,512,Intel,104908.32
Lenovo,Notebook,15.6,1920x1080,12,Windows,2.2,0,0,AMD Processor,0,512,AMD,50562.72
Dell,Notebook,17.3,1920x1080,16,Windows,2.8,0,0,Intel Core i7,2000,256,AMD,69210.72
HP,Notebook,13.3,1920x1080,16,Windows,1.49,0,0,Intel Core i7,0,512,Intel,63776.16
Asus,Notebook,15.6,3840x2160,8,Windows,2.0,0,1,Intel Core i7,1000,256,Nvidia,69210.72
Dell,2 in 1 Convertible,13.3,1920x1080,8,Windows,1.62,1,1,Intel Core i7,1000,0,Intel,44701.92
Lenovo,Notebook,17.3,1600x900,6,Windows,2.8,0,0,Intel Core i7,1000,128,Nvidia,45767.52
Dell,Notebook,14.0,1920x1080,8,Windows,1.36,0,0,Intel Core i5,0,256,Intel,76030.56
Asus,Gaming,17.3,1920x1080,16,Windows,3.0,0,0,Intel Core i7,1000,256,Nvidia,80133.12
HP,Workstation,15.6,1920x1080,8,Windows,2.0,0,1,Intel Core i7,0,8,Nvidia,119826.72
MSI,Gaming,17.3,1920x1080,16,Windows,4.5,0,0,Intel Core i7,1000,128,Nvidia,125154.72
Lenovo,2 in 1 Convertible,13.9,3840x2160,16,Windows,1.4,1,1,Intel Core i7,0,512,Intel,98514.72
Asus,Ultrabook,15.6,1920x1080,16,Windows,1.5,0,0,Intel Core i7,1000,256,Nvidia,67239.36
Lenovo,Notebook,15.6,1920x1080,8,Windows,2.6,0,1,Intel Core i7,1000,0,Nvidia,47898.72
Acer,Netbook,11.6,1366x768,4,Windows,1.4,0,0,Other Intel Processor,0,0,Intel,14332.32
Dell,Workstation,15.6,3840x2160,16,Windows,2.8,0,0,Other Intel Processor,1000,256,Nvidia,162770.4
HP,Ultrabook,14.0,1920x1080,8,Windows,1.43,0,0,Intel Core i7,0,256,Intel,77202.72
Toshiba,Notebook,13.3,1920x1080,8,Windows,1.2,0,0,Intel Core i5,0,256,Intel,77788.8
HP,Notebook,15.6,1920x1080,4,Windows,2.1,0,0,Intel Core i3,0,128,Intel,37589.04
HP,Ultrabook,14.0,1920x1080,8,Windows,1.54,0,0,Intel Core i7,0,512,Intel,78215.04
LG,Ultrabook,15.6,1920x1080,8,Windows,1.09,0,1,Intel Core i7,0,512,Intel,122490.72
Lenovo,Notebook,14.0,1920x1080,8,Windows,1.87,0,1,Intel Core i5,0,256,Nvidia,45664.6896
Lenovo,Notebook,15.6,1920x1080,8,Windows,2.3,0,0,Intel Core i5,0,256,Intel,44222.4
Toshiba,Notebook,15.6,1366x768,8,Windows,2.0,0,0,Intel Core i5,0,128,Intel,42251.04
Asus,Gaming,17.3,1920x1080,8,Windows,3.0,0,0,Intel Core i5,1000,128,Nvidia,49976.64
Toshiba,Notebook,15.6,1920x1080,16,Windows,2.4,0,1,Intel Core i7,0,256,Nvidia,105228.0
Dell,Ultrabook,15.6,1920x1080,8,Windows,1.88,0,1,Intel Core i5,0,256,Intel,58403.4048
Lenovo,2 in 1 Convertible,13.3,3200x1800,16,Windows,1.3,1,1,Intel Core i7,0,1000,Intel,95850.72
Dell,Notebook,14.0,1920x1080,4,Windows,1.6,0,0,Intel Core i3,0,128,Intel,39207.1536
Google,Ultrabook,12.3,2400x1600,8,Others/No OS/Linux,1.1,1,0,Intel Core i5,0,256,Intel,83063.52
Dell,Notebook,15.6,1920x1080,8,Windows,2.16,0,1,Intel Core i7,0,512,Nvidia,67239.36
MSI,Gaming,15.6,1920x1080,16,Windows,2.4,0,1,Intel Core i7,1000,256,Nvidia,95850.72
HP,Notebook,13.3,1920x1080,4,Windows,1.49,0,1,Intel Core i5,500,0,Intel,35964.0
Toshiba,Notebook,15.6,1920x1080,8,Windows,2.2,0,1,Intel Core i7,0,256,Nvidia,55571.04
Lenovo,Notebook,15.6,1920x1080,6,Windows,2.4,0,0,Intel Core i3,0,128,Nvidia,30316.32
HP,2 in 1 Convertible,15.6,1366x768,4,Windows,2.3,1,0,Intel Core i5,500,0,Intel,36486.14399999999
Asus,Gaming,15.6,1920x1080,8,Windows,2.5,0,0,Intel Core i7,0,256,Nvidia,53226.72
Dell,Notebook,15.6,1920x1080,4,Others/No OS/Linux,2.2,0,0,Intel Core i3,0,256,AMD,25840.8
MSI,Gaming,17.3,1920x1080,16,Windows,4.14,0,0,Intel Core i7,1000,512,Nvidia,145401.12
Acer,Notebook,13.3,1366x768,4,Windows,1.6,0,0,Intel Core i5,0,128,Intel,34898.4
Dell,Notebook,17.3,1600x900,4,Windows,2.36,0,0,Intel Core i3,1000,0,AMD,35111.52
Lenovo,Notebook,17.3,1600x900,4,Windows,2.8,0,0,AMD Processor,500,0,AMD,20193.12
Dell,Gaming,15.6,3840x2160,16,Windows,2.62,0,0,Intel Core i7,0,512,Nvidia,89457.12
Toshiba,Notebook,15.6,1366x768,4,Windows,2.1,0,0,Intel Core i3,0,128,Intel,26533.44
MSI,Gaming,15.6,1920x1080,16,Windows,1.91,0,0,Intel Core i7,1000,128,Nvidia,114731.5536
Lenovo,Notebook,17.3,1600x900,6,Windows,2.8,0,0,Intel Core i5,1000,0,Nvidia,34578.72
Dell,Gaming,15.6,3840x2160,16,Windows,3.21,0,0,Intel Core i7,1000,256,Nvidia,70809.12
Dell,Workstation,15.6,1920x1080,8,Windows,2.0,0,1,Intel Core i7,0,256,Nvidia,113752.8
Dell,Notebook,15.6,1920x1080,16,Others/No OS/Linux,2.36,0,0,Intel Core i7,0,256,AMD,47898.72
HP,Notebook,13.3,1920x1080,8,Windows,1.49,0,0,Intel Core i7,0,256,Intel,58075.2
Dell,Ultrabook,13.3,3200x1800,16,Windows,1.29,1,0,Intel Core i7,0,512,Intel,119347.2
Lenovo,Notebook,15.6,1366x768,4,Others/No OS/Linux,2.2,0,0,Other Intel Processor,1000,0,Intel,19180.2672
HP,Notebook,13.3,1920x1080,8,Windows,1.49,0,0,Intel Core i5,0,256,Intel,51148.8
Asus,Gaming,17.3,1920x1080,64,Windows,3.58,0,1,Intel Core i7,0,1000,Nvidia,211788.0
Apple,Ultrabook,13.3,2560x1600,8,Mac,1.37,0,1,Intel Core i5,0,512,Intel,108691.2
Lenovo,Notebook,15.6,1920x1080,4,Windows,2.32,0,0,Intel Core i7,0,0,Intel,43956.0
Samsung,Ultrabook,15.0,1920x1080,16,Windows,1.23,0,0,Intel Core i7,0,256,Nvidia,98514.72
Dell,Ultrabook,13.3,1920x1080,8,Windows,1.4,0,1,Intel Core i7,0,256,AMD,50882.4
Asus,Ultrabook,14.0,1920x1080,8,Windows,1.25,0,0,Intel Core i7,0,256,Intel,55890.72
MSI,Gaming,17.3,1920x1080,16,Windows,3.78,0,0,Intel Core i7,1000,256,Nvidia,127818.72
Dell,Ultrabook,13.3,3200x1800,16,Windows,1.2,1,0,Intel Core i7,0,512,Intel,99580.32
Lenovo,Notebook,15.6,1920x1080,8,Windows,1.95,0,1,Intel Core i5,0,512,Intel,104588.1072
MSI,Gaming,15.6,1920x1080,8,Windows,2.2,0,0,Intel Core i5,0,256,Nvidia,54757.9872
Dell,Notebook,14.0,1920x1080,8,Windows,1.64,0,0,Intel Core i5,0,256,Nvidia,62817.12
Lenovo,Notebook,15.6,1920x1080,6,Windows,2.2,0,0,AMD Processor,0,256,AMD,29250.72
Dell,Notebook,14.0,1920x1080,8,Windows,1.6,0,0,Intel Core i5,0,128,Intel,59620.32
Lenovo,2 in 1 Convertible,13.3,3200x1800,16,Windows,1.3,1,1,Intel Core i7,0,512,Intel,79866.72
Dell,Notebook,15.6,1920x1080,8,Windows,2.02,0,0,Intel Core i7,1000,128,Intel,45554.4
Acer,Notebook,15.6,1366x768,4,Windows,2.1,0,0,AMD Processor,1000,0,AMD,21045.6
Asus,Notebook,15.6,1366x768,8,Windows,2.0,0,0,Other Intel Processor,1000,0,Intel,21258.72
HP,Notebook,14.0,1920x1080,8,Windows,1.63,0,0,Intel Core i5,0,256,Intel,45820.8
Microsoft,Ultrabook,13.5,2256x1504,4,Windows,1.252,1,0,Other Intel Processor,0,128,Intel,52693.92
Asus,Notebook,15.6,1366x768,4,Others/No OS/Linux,2.45,0,0,Intel Core i5,1000,0,Nvidia,30849.12
Acer,Notebook,14.0,1920x1080,8,Windows,1.56,0,1,Intel Core i5,0,256,Intel,48058.56
HP,Notebook,15.6,1366x768,4,Windows,2.1,0,0,Other Intel Processor,500,0,Intel,18488.16
Dell,Ultrabook,13.3,1920x1080,8,Windows,1.29,0,0,Intel Core i7,0,256,Intel,77682.23999999999
Vero,Notebook,14.0,1366x768,2,Windows,1.45,0,0,Other Intel Processor,0,0,Intel,11231.424
MSI,Gaming,17.3,1920x1080,16,Windows,2.8,0,0,Intel Core i7,1000,256,Nvidia,119826.72
Lenovo,Notebook,15.6,1920x1080,16,Windows,2.5,0,0,Intel Core i7,0,0,AMD,58554.72
Asus,Gaming,17.3,1920x1080,16,Windows,2.9,0,0,Intel Core i7,1000,256,Nvidia,103842.72
HP,Notebook,15.6,1920x1080,4,Windows,2.07,0,0,Intel Core i5,500,0,Intel,48484.8
Microsoft,Ultrabook,13.5,2256x1504,8,Windows,1.252,1,0,Intel Core i5,0,256,Intel,71395.2
Acer,Notebook,14.0,1366x768,4,Windows,1.6,0,0,Other Intel Processor,0,0,Intel,18594.72
HP,Notebook,15.6,1920x1080,4,Windows,1.91,0,0,AMD Processor,0,256,AMD,25515.2592
Lenovo,Workstation,15.6,1920x1080,16,Windows,2.18,0,0,Intel Core i7,0,512,Nvidia,98834.4
Lenovo,Notebook,14.0,1920x1080,8,Others/No OS/Linux,1.7,0,1,Intel Core i3,0,256,Intel,31914.72
Dell,Notebook,15.6,1920x1080,4,Others/No OS/Linux,2.25,0,0,Intel Core i3,1000,0,AMD,22803.84
Dell,Ultrabook,12.5,1920x1080,8,Windows,1.36,1,0,Intel Core i5,0,256,Intel,78438.816
Asus,Gaming,17.3,1920x1080,32,Windows,4.7,0,0,Intel Core i7,1000,512,Nvidia,207259.2
HP,Notebook,15.6,1920x1080,8,Windows,2.1,0,0,Intel Core i5,1000,0,Intel,42304.32
Asus,Ultrabook,14.0,1920x1080,8,Windows,1.25,0,0,Intel Core i7,0,256,Intel,58554.72
Lenovo,2 in 1 Convertible,14.0,1920x1080,4,Windows,1.8,1,1,Intel Core i7,0,128,Intel,33992.64
Lenovo,Notebook,17.3,1600x900,4,Windows,2.6,0,0,AMD Processor,0,128,AMD,26053.92
Asus,Notebook,17.3,1920x1080,4,Windows,2.0,0,0,Intel Core i3,1000,0,Nvidia,30049.92
Acer,Notebook,14.0,1366x768,4,Others/No OS/Linux,1.68,0,0,Other Intel Processor,0,0,Intel,18594.72
Dell,2 in 1 Convertible,15.6,1920x1080,8,Windows,2.08,1,1,Intel Core i7,1000,0,Intel,43636.32
Asus,Notebook,15.6,1366x768,4,Windows,2.0,0,0,Other Intel Processor,1000,0,Intel,18061.92
Acer,Ultrabook,14.0,1920x1080,8,Windows,1.6,0,1,Intel Core i5,0,256,Intel,41025.6
Microsoft,Ultrabook,13.5,2256x1504,16,Windows,1.25,1,0,Intel Core i7,0,512,Intel,137941.91999999998
Dell,Ultrabook,13.3,1920x1080,8,Windows,1.41,0,0,Intel Core i5,0,256,Intel,50562.72
Samsung,Notebook,15.6,1920x1080,16,Windows,2.5,0,0,Intel Core i7,1000,128,Nvidia,90522.72
Lenovo,2 in 1 Convertible,14.0,2560x1440,16,Windows,1.42,1,0,Intel Core i7,0,512,Intel,133679.52
Acer,Gaming,17.3,1920x1080,16,Windows,4.2,0,1,Intel Core i7,1000,128,Nvidia,103096.8
Asus,Gaming,17.3,1920x1080,16,Others/No OS/Linux,4.0,0,1,Intel Core i7,1000,0,Nvidia,53173.44
Lenovo,Notebook,17.3,1600x900,6,Windows,2.8,0,0,Intel Core i7,1000,128,Nvidia,50562.72
Acer,Notebook,15.6,1920x1080,4,Windows,2.23,0,0,Intel Core i3,1000,0,Nvidia,28984.32
Dell,Notebook,15.6,1366x768,4,Windows,2.3,0,0,Intel Core i3,0,128,AMD,26586.72
HP,Notebook,15.6,1366x768,4,Windows,1.86,0,0,AMD Processor,0,256,AMD,19660.32
HP,Notebook,15.6,1366x768,8,Windows,1.91,0,0,Intel Core i5,0,256,AMD,32979.7872
Dell,Ultrabook,13.3,3200x1800,16,Windows,1.2,1,0,Intel Core i7,0,512,Intel,142790.4
Lenovo,Notebook,14.0,1920x1080,8,Windows,1.87,0,1,Intel Core i7,0,256,Nvidia,45767.52
MSI,Gaming,18.4,1920x1080,32,Windows,4.4,0,0,Intel Core i7,1000,512,Nvidia,149130.72
Dell,Notebook,15.6,1366x768,4,Windows,2.29,0,0,Intel Core i3,500,0,Intel,26107.2
Dell,Ultrabook,14.0,1920x1080,8,Windows,1.36,0,0,Intel Core i5,0,256,Intel,87325.92
Dell,Gaming,15.6,1920x1080,16,Windows,3.21,0,0,Intel Core i5,1000,128,Nvidia,109277.28
HP,Netbook,11.6,1366x768,2,Windows,1.17,0,0,Other Intel Processor,0,0,Intel,11135.52
Apple,Ultrabook,13.3,1440x900,8,Mac,1.34,0,0,Intel Core i5,0,0,Intel,61735.536
Samsung,Ultrabook,13.3,1920x1080,16,Windows,0.81,0,0,Intel Core i7,0,256,Intel,87858.72
HP,Ultrabook,13.3,1920x1080,8,Windows,1.11,1,1,Intel Core i7,0,256,Intel,71874.72
Dell,Gaming,15.6,1920x1080,8,Windows,2.65,0,0,Intel Core i5,1000,0,Nvidia,53226.72
Dell,Notebook,15.6,3840x2160,32,Windows,2.06,1,0,Intel Core i7,0,1000,Nvidia,140605.91999999998
Dell,2 in 1 Convertible,13.3,1920x1080,8,Windows,1.68,1,0,Intel Core i5,0,256,Intel,47365.92
HP,Notebook,14.0,1366x768,4,Windows,1.64,0,0,Intel Core i5,0,256,Intel,51841.44
MSI,Gaming,17.3,1920x1080,16,Windows,4.14,0,0,Intel Core i7,1000,512,Nvidia,133146.72
HP,Notebook,14.0,1366x768,4,Windows,2.31,0,0,Intel Core i5,500,0,Intel,63349.92
Asus,Gaming,17.3,1920x1080,16,Windows,3.25,0,1,AMD Processor,1000,256,AMD,117162.72
Lenovo,Notebook,15.6,1920x1080,6,Windows,2.2,0,0,Intel Core i7,0,256,Nvidia,42037.92
Lenovo,Notebook,15.6,1920x1080,6,Windows,2.2,0,0,AMD Processor,0,256,AMD,31838.5296
Asus,Gaming,17.3,1920x1080,16,Windows,2.99,0,0,Intel Core i7,1000,256,Nvidia,93186.72
Lenovo,Notebook,14.0,1920x1080,8,Windows,2.02,0,0,Intel Core i5,0,256,Intel,71395.2
Asus,Gaming,15.6,1920x1080,8,Windows,2.2,0,0,Intel Core i7,1000,0,Nvidia,62284.32
Asus,Notebook,15.6,1366x768,4,Windows,2.2,0,0,Other Intel Processor,500,0,Intel,19660.32
Lenovo,2 in 1 Convertible,11.3,1920x1080,8,Windows,1.1,1,1,Other Intel Processor,0,256,Intel,69210.72
HP,Notebook,15.6,1920x1080,6,Windows,2.04,0,0,AMD Processor,0,0,AMD,29303.4672
Lenovo,Notebook,17.3,1600x900,8,Windows,2.8,0,0,AMD Processor,1000,0,AMD,27652.32
Toshiba,Notebook,15.6,1920x1080,8,Windows,2.0,0,1,Intel Core i5,500,0,Intel,45820.8
Dell,Notebook,13.3,1920x1080,8,Windows,1.62,1,0,Intel Core i5,1000,0,Intel,34578.72
Dell,Notebook,15.6,1920x1080,16,Windows,2.3,1,0,Intel Core i7,1000,0,AMD,45768.0528
Asus,Notebook,17.3,1920x1080,8,Windows,2.69,0,0,Intel Core i5,500,256,Nvidia,47472.48
Lenovo,2 in 1 Convertible,13.3,3200x1800,16,Windows,1.3,1,1,Intel Core i7,0,512,Intel,79866.72
HP,Notebook,15.6,1920x1080,4,Others/No OS/Linux,2.1,0,0,Intel Core i3,500,0,Intel,18594.72
HP,Notebook,17.3,1920x1080,8,Windows,2.5,0,0,Intel Core i5,1000,128,Nvidia,52054.56
MSI,Gaming,17.3,1920x1080,16,Windows,2.9,0,0,Intel Core i7,1000,256,Nvidia,108105.12
Lenovo,2 in 1 Convertible,14.0,2560x1440,8,Windows,1.42,1,0,Intel Core i7,0,256,Intel,137995.19999999998
Lenovo,Notebook,15.6,1920x1080,8,Windows,1.9,0,0,Intel Core i5,1000,128,AMD,43580.376
HP,Notebook,14.0,1366x768,4,Windows,1.64,0,0,Intel Core i3,500,0,Intel,36443.52
Dell,Notebook,15.6,1366x768,8,Windows,2.18,0,0,Intel Core i5,0,128,Intel,38041.3872
Acer,Notebook,15.6,1920x1080,4,Windows,2.2,0,0,Intel Core i3,0,256,Nvidia,30476.16
HP,Ultrabook,15.6,1920x1080,8,Windows,1.84,0,0,Intel Core i7,0,256,AMD,69103.62719999999
Lenovo,Notebook,15.6,1920x1080,4,Windows,2.2,0,0,Intel Core i3,500,0,Intel,21791.52
HP,Notebook,17.3,1920x1080,8,Windows,2.63,0,0,Intel Core i5,0,256,Nvidia,57542.4
Acer,Notebook,15.6,1920x1080,4,Windows,2.2,0,1,Intel Core i5,1000,0,Nvidia,32660.64
MSI,Gaming,17.3,1920x1080,8,Windows,2.7,0,0,Intel Core i7,1000,128,Nvidia,63499.10399999999
Lenovo,Netbook,11.6,1366x768,4,Others/No OS/Linux,1.25,0,0,Other Intel Processor,0,16,Intel,14119.2
MSI,Gaming,15.6,1920x1080,8,Windows,2.2,0,0,Intel Core i5,1000,128,Nvidia,59668.804800000005
Dell,Ultrabook,15.6,1920x1080,16,Windows,1.88,0,0,Intel Core i7,0,768,Intel,85672.1088
Lenovo,Notebook,13.3,1920x1080,4,Windows,1.5,0,1,Intel Core i3,0,128,Intel,29250.72
Apple,Ultrabook,13.3,2560x1600,8,Mac,1.37,0,1,Intel Core i5,0,128,Intel,71378.6832
HP,Notebook,15.6,1366x768,4,Windows,1.86,0,0,Intel Core i3,500,0,Intel,23389.92
Dell,Notebook,15.6,1366x768,8,Windows,2.3,1,0,Intel Core i3,1000,0,Intel,24988.8528
Dell,Notebook,14.0,1366x768,8,Windows,1.79,0,0,Intel Core i3,0,128,Intel,39427.2
Lenovo,Gaming,17.3,1920x1080,16,Windows,4.6,0,1,Intel Core i7,0,256,Nvidia,146519.46719999998
Acer,Notebook,15.6,1920x1080,4,Windows,2.4,0,0,Intel Core i3,1000,0,Intel,26586.72
Lenovo,Notebook,15.6,1920x1080,8,Windows,2.6,0,1,Intel Core i5,1000,128,Nvidia,42037.92
HP,2 in 1 Convertible,13.3,1920x1080,4,Windows,1.28,1,0,Intel Core i5,0,256,Intel,95850.72
Lenovo,Notebook,15.6,1366x768,4,Windows,2.1,0,0,Intel Core i3,500,0,Intel,26101.872
Lenovo,Notebook,15.6,1366x768,4,Others/No OS/Linux,2.2,0,0,AMD Processor,500,0,AMD,16463.52
HP,Notebook,15.6,1366x768,8,Windows,1.91,0,0,Intel Core i5,0,128,Intel,31381.92
HP,Notebook,15.6,1366x768,4,Others/No OS/Linux,1.86,0,0,Other Intel Processor,500,0,Intel,13799.52
HP,Notebook,14.0,1366x768,2,Windows,1.44,0,0,Other Intel Processor,0,0,Intel,13266.72
Dell,Gaming,17.3,1920x1080,16,Windows,4.42,0,1,Intel Core i7,1000,128,Nvidia,160520.3856
Asus,Gaming,15.6,1920x1080,8,Windows,2.45,0,0,AMD Processor,1000,0,AMD,37242.72
Lenovo,2 in 1 Convertible,14.0,1920x1080,4,Windows,1.8,1,0,Intel Core i5,0,128,Intel,44382.7728
Dell,Ultrabook,13.3,1920x1080,8,Windows,1.23,0,0,Intel Core i5,0,256,Intel,74538.72
Dell,Notebook,15.6,1920x1080,16,Windows,2.3,0,0,Intel Core i7,0,256,AMD,62938.0656
Asus,2 in 1 Convertible,13.3,1920x1080,8,Windows,1.27,1,1,Intel Core i5,0,256,Intel,49443.84
Asus,Gaming,17.3,1920x1080,16,Windows,4.3,0,0,Intel Core i7,1000,256,Nvidia,95850.72
Asus,Gaming,17.3,1920x1080,12,Others/No OS/Linux,3.0,0,0,Intel Core i7,1000,0,Nvidia,50562.72
Dell,Notebook,15.6,1920x1080,4,Windows,2.2,0,0,Intel Core i3,1000,0,AMD,23922.72
Asus,Notebook,14.0,1366x768,4,Windows,1.3,0,0,Intel Core i3,0,128,Intel,27119.52
Dell,Notebook,15.6,1366x768,8,Others/No OS/Linux,2.3,0,0,Intel Core i7,1000,0,AMD,42943.1472
Acer,Notebook,15.6,1366x768,6,Windows,2.23,0,0,Intel Core i5,1000,0,Intel,29250.72
HP,Notebook,15.6,1366x768,6,Windows,2.19,0,0,Intel Core i7,1000,0,AMD,40705.92
Lenovo,Notebook,15.6,1366x768,4,Windows,2.2,0,0,Other Intel Processor,1000,0,Intel,16463.52
Lenovo,Notebook,15.6,1920x1080,8,Windows,2.3,0,1,Intel Core i5,0,256,Intel,48538.08
Acer,Notebook,14.0,1920x1080,4,Windows,1.8,0,1,Intel Core i3,0,128,Intel,33886.08
Lenovo,Notebook,15.6,1366x768,8,Others/No OS/Linux,2.2,0,0,Intel Core i3,0,256,Nvidia,26586.72
Lenovo,Ultrabook,12.5,1366x768,8,Windows,1.3,0,1,Intel Core i5,0,180,Intel,58554.72
Dell,2 in 1 Convertible,15.6,1920x1080,8,Windows,2.191,1,1,Intel Core i5,0,256,Intel,53226.72
Asus,Notebook,15.6,1366x768,4,Others/No OS/Linux,2.0,0,0,Other Intel Processor,1000,0,Intel,14651.4672
Chuwi,Notebook,12.3,2736x1824,6,Windows,1.4,0,1,Other Intel Processor,0,0,Intel,23922.72
Acer,Notebook,15.6,1366x768,4,Windows,2.1,0,0,Other Intel Processor,1000,0,Intel,18541.44
Dell,Ultrabook,15.6,1920x1080,8,Windows,1.88,0,0,Intel Core i7,0,512,Intel,69157.44
HP,Notebook,15.6,1366x768,4,Windows,2.04,1,0,Intel Core i5,1000,0,Intel,27783.9216
Lenovo,Notebook,17.3,1600x900,8,Others/No OS/Linux,2.8,0,0,Intel Core i5,0,256,Nvidia,37189.44
Dell,Notebook,15.6,1366x768,8,Windows,2.0,0,0,Intel Core i3,0,256,Intel,35431.2
MSI,Gaming,17.3,1920x1080,16,Windows,2.7,0,0,Intel Core i7,1000,256,Nvidia,85194.72
HP,Notebook,13.3,1920x1080,4,Windows,1.49,0,1,Intel Core i5,500,0,Intel,40173.12
Asus,Notebook,15.6,1920x1080,4,Others/No OS/Linux,2.1,0,0,Intel Core i5,1000,0,Nvidia,27652.32
Dell,Ultrabook,13.3,1920x1080,8,Windows,1.2,0,0,Intel Core i5,0,256,Intel,77250.672
Toshiba,Notebook,15.6,1366x768,4,Windows,2.0,0,0,Intel Core i3,500,0,Intel,26053.92
HP,Notebook,15.6,1920x1080,8,Windows,2.04,0,0,Intel Core i5,0,256,Nvidia,47365.92
Dell,2 in 1 Convertible,13.3,1920x1080,12,Windows,1.6,1,1,Intel Core i7,0,256,Intel,69210.72
HP,Notebook,15.6,1920x1080,4,Windows,2.1,0,0,Intel Core i3,1000,128,AMD,26586.72
Toshiba,Ultrabook,13.3,1920x1080,32,Windows,1.05,1,0,Intel Core i7,0,512,Intel,149130.72
MSI,Gaming,17.3,1920x1080,8,Windows,2.7,0,0,Intel Core i5,1000,128,Nvidia,58341.6
Dell,Notebook,15.6,1366x768,4,Others/No OS/Linux,2.2,0,0,Other Intel Processor,500,0,Intel,20965.1472
Lenovo,Ultrabook,14.0,1920x1080,12,Windows,1.4,0,1,Intel Core i7,0,256,Intel,89137.44
Dell,Notebook,15.6,1920x1080,16,Windows,2.2,0,0,Intel Core i7,2000,256,AMD,60472.8
Acer,2 in 1 Convertible,13.3,1920x1080,8,Windows,1.6,1,1,Intel Core i5,0,256,Intel,36709.92
HP,Notebook,15.6,1920x1080,6,Windows,2.1,0,0,AMD Processor,1000,128,AMD,34632.0
Huawei,Ultrabook,13.0,2160x1440,8,Windows,1.05,0,1,Intel Core i7,0,512,Intel,79866.72
Dell,Notebook,15.6,1920x1080,8,Windows,2.13,0,0,Intel Core i5,0,256,AMD,38787.84
Acer,Ultrabook,14.0,1920x1080,8,Windows,1.6,0,1,Intel Core i7,0,256,Intel,47099.52
MSI,Gaming,17.3,1920x1080,16,Windows,3.78,0,0,Intel Core i7,1000,256,Nvidia,133146.72
MSI,Gaming,17.3,3840x2160,16,Windows,2.43,0,1,Intel Core i7,2000,512,Nvidia,141138.72
Dell,Notebook,15.6,1366x768,4,Windows,2.06,0,0,Intel Core i3,500,0,Intel,25679.8944
Dell,Notebook,17.3,1920x1080,16,Windows,2.77,1,0,Intel Core i7,0,512,Nvidia,82530.72
Dell,Gaming,15.6,1920x1080,16,Windows,2.65,0,1,Intel Core i7,1000,256,Nvidia,79866.72
HP,Workstation,17.3,1920x1080,8,Windows,3.14,0,0,Intel Core i7,500,0,Nvidia,101657.7072
MSI,Gaming,15.6,1920x1080,16,Windows,2.2,0,0,Intel Core i7,1000,256,Nvidia,69210.72
Toshiba,Notebook,13.3,1920x1080,4,Windows,1.2,0,0,Intel Core i5,0,128,Intel,63669.6
Lenovo,Notebook,15.6,1920x1080,4,Windows,2.2,0,0,Other Intel Processor,500,0,Intel,18328.32
Acer,Notebook,15.6,1366x768,4,Windows,2.1,0,0,Intel Core i5,0,256,Intel,31914.72
HP,Workstation,17.3,1920x1080,8,Windows,3.0,0,1,Intel Core i7,1000,0,AMD,154458.72
Lenovo,Notebook,14.0,1920x1080,8,Windows,1.9,0,1,Intel Core i5,0,256,Intel,57116.16
Chuwi,Notebook,15.6,1920x1080,4,Windows,1.89,0,0,Other Intel Processor,0,0,Intel,13261.392000000002
HP,Gaming,17.3,1920x1080,12,Windows,3.78,0,1,Intel Core i7,1000,0,Nvidia,90522.72
HP,Ultrabook,15.6,1920x1080,8,Windows,1.91,0,0,Intel Core i7,0,256,Intel,35111.52
Samsung,2 in 1 Convertible,15.0,1920x1080,16,Windows,1.71,1,0,Intel Core i7,0,256,AMD,95850.72
Lenovo,Notebook,15.6,1920x1080,8,Windows,2.5,0,0,Intel Core i5,0,0,AMD,42010.7472
HP,Notebook,14.0,1920x1080,8,Windows,1.95,0,0,Intel Core i5,0,256,Intel,63669.6
Dell,Ultrabook,12.5,1366x768,4,Windows,1.5,0,0,Intel Core i3,0,128,Intel,62176.1616
Dell,Notebook,17.3,1920x1080,8,Windows,2.8,0,0,Intel Core i5,1000,128,AMD,57808.8
Lenovo,Notebook,15.6,1920x1080,8,Windows,2.3,0,0,Intel Core i5,0,256,Intel,71874.72
HP,Workstation,15.6,1920x1080,8,Windows,2.0,0,0,Intel Core i7,0,256,Nvidia,101178.72
Lenovo,Notebook,14.0,1920x1080,8,Windows,1.5,0,1,Intel Core i5,0,256,Nvidia,58554.72
Lenovo,Notebook,13.3,1920x1080,8,Windows,1.44,0,1,Intel Core i5,0,256,Intel,51148.8
Lenovo,Notebook,15.6,1366x768,4,Windows,2.19,0,0,AMD Processor,500,0,AMD,15877.44
Dell,Notebook,15.6,1920x1080,8,Windows,2.36,0,0,Intel Core i7,1000,128,AMD,52161.12
Dell,Notebook,15.6,1920x1080,8,Windows,2.24,0,0,Intel Core i5,1000,0,AMD,30103.2
Samsung,Ultrabook,15.0,1920x1080,8,Windows,1.17,0,0,Intel Core i7,0,256,Intel,90522.72
Lenovo,Gaming,15.6,1920x1080,16,Windows,3.2,0,1,Intel Core i7,1000,256,Nvidia,79866.72
HP,Gaming,15.6,1920x1080,8,Windows,2.2,0,1,Intel Core i7,1000,128,Nvidia,58554.72
HP,Ultrabook,15.6,1920x1080,4,Windows,1.91,0,0,AMD Processor,0,256,AMD,26586.72
Lenovo,Notebook,13.3,1920x1080,4,Windows,1.44,0,1,Intel Core i3,0,180,Intel,39160.8
Acer,Notebook,15.6,1366x768,4,Windows,2.1,0,0,Intel Core i3,0,128,Intel,23922.72
Lenovo,Notebook,15.6,1920x1080,8,Others/No OS/Linux,2.2,0,0,Intel Core i3,1000,0,Nvidia,26586.72
MSI,Gaming,15.6,1920x1080,8,Windows,2.4,0,0,Intel Core i7,1000,128,Nvidia,60888.384
Acer,Netbook,11.6,1366x768,4,Others/No OS/Linux,1.35,0,1,Other Intel Processor,0,0,Intel,18914.4
Acer,Notebook,15.6,1920x1080,12,Windows,2.4,0,0,Intel Core i5,1000,128,Nvidia,53759.52
Apple,Ultrabook,12.0,2304x1440,8,Mac,0.92,0,1,Other Intel Processor,0,0,Intel,61964.64
Lenovo,Notebook,15.6,1366x768,8,Windows,2.29,0,0,Intel Core i3,1000,0,Intel,24455.52
Dell,Ultrabook,14.0,1920x1080,8,Windows,1.7,0,0,Intel Core i5,0,256,Intel,46833.12
Dell,Notebook,15.6,1920x1080,8,Others/No OS/Linux,2.14,0,0,Intel Core i7,0,256,AMD,39164.5296
Dell,2 in 1 Convertible,15.0,1920x1080,4,Windows,2.08,1,0,Intel Core i3,500,0,Intel,27119.52
Lenovo,Notebook,17.3,1600x900,4,Windows,2.8,0,0,Intel Core i3,1000,0,Intel,26053.92
HP,Notebook,15.6,1920x1080,4,Windows,2.1,0,0,Intel Core i3,1000,0,Intel,25467.84
Toshiba,Notebook,13.3,1920x1080,8,Windows,1.5,0,1,Intel Core i5,0,256,Intel,51841.44
Dell,Notebook,15.6,1920x1080,8,Windows,2.33,0,0,Intel Core i7,0,256,AMD,47898.72
MSI,Gaming,17.3,1920x1080,16,Windows,2.43,0,0,Intel Core i7,1000,256,Nvidia,109165.392
Acer,Notebook,15.6,1366x768,4,Others/No OS/Linux,2.1,0,0,Intel Core i3,1000,0,Intel,19553.76
Lenovo,Notebook,15.6,1920x1080,4,Windows,1.85,0,0,Intel Core i7,1000,0,Intel,41505.12
HP,Notebook,15.6,1920x1080,4,Windows,2.04,0,0,Intel Core i3,500,0,Intel,36496.8
Toshiba,Notebook,14.0,1920x1080,8,Windows,1.47,0,1,Intel Core i5,0,256,Intel,79387.2
HP,Ultrabook,14.0,1920x1080,8,Windows,1.54,0,0,Intel Core i7,0,512,Intel,99633.6
LG,Ultrabook,14.0,1920x1080,8,Windows,0.98,1,1,Intel Core i7,0,512,Intel,101178.72
Lenovo,Notebook,15.6,1920x1080,4,Others/No OS/Linux,2.15,0,0,Intel Core i5,1000,0,Intel,24634.008
Lenovo,2 in 1 Convertible,15.6,1920x1080,4,Windows,1.8,1,1,Intel Core i7,0,256,Intel,45128.16
HP,Notebook,17.3,1920x1080,6,Windows,2.65,0,1,AMD Processor,2000,0,AMD,30316.32
MSI,Gaming,15.6,1920x1080,16,Windows,1.8,0,0,Intel Core i7,1000,256,Nvidia,111593.8944
Vero,Notebook,14.0,1920x1080,4,Windows,1.3,0,1,Other Intel Processor,0,0,Intel,13852.8
Dell,Notebook,17.3,1920x1080,8,Windows,4.42,0,1,Intel Core i7,1000,0,Nvidia,109010.88
MSI,Gaming,17.3,1920x1080,8,Windows,2.7,0,0,Intel Core i7,0,256,Nvidia,71874.72
MSI,Gaming,15.6,1920x1080,16,Windows,2.4,0,0,Intel Core i7,1000,256,Nvidia,68944.31999999999
Lenovo,Gaming,15.6,1920x1080,8,Windows,2.5,0,1,Intel Core i7,1000,128,Nvidia,55837.44
HP,Netbook,11.6,1366x768,2,Windows,1.17,0,0,Other Intel Processor,0,0,Intel,11135.52
Dell,Notebook,15.6,1366x768,8,Others/No OS/Linux,2.32,0,0,Intel Core i5,1000,0,AMD,31409.6256
Lenovo,Ultrabook,14.0,1920x1080,8,Windows,1.75,0,1,Intel Core i7,0,256,AMD,64755.44640000001
HP,Notebook,15.6,1920x1080,4,Windows,1.91,0,0,AMD Processor,0,256,AMD,26053.3872
HP,Notebook,15.6,1920x1080,4,Windows,2.1,0,0,Intel Core i3,1000,0,AMD,24988.32
Acer,Notebook,14.0,1366x768,8,Windows,2.1,0,0,Intel Core i3,1000,0,Intel,20725.92
Lenovo,Notebook,15.6,1920x1080,8,Windows,2.3,0,1,Intel Core i7,0,256,Intel,81465.12
HP,Notebook,13.3,1920x1080,8,Windows,1.11,0,1,Intel Core i5,0,256,Intel,61218.72
Asus,Netbook,11.6,1366x768,4,Windows,1.2,0,0,Other Intel Processor,0,0,Intel,18115.2
Lenovo,Notebook,15.6,1920x1080,8,Others/No OS/Linux,2.2,0,0,Intel Core i7,1000,0,Nvidia,36496.8
Dell,Notebook,15.6,1920x1080,4,Others/No OS/Linux,2.18,0,0,Intel Core i5,0,128,AMD,30316.32
Dell,Ultrabook,13.3,1920x1080,8,Windows,1.21,0,1,Intel Core i5,0,256,Intel,86793.12
HP,Ultrabook,14.0,1920x1080,8,Windows,1.43,0,0,Intel Core i7,0,256,Intel,79920.0
HP,Notebook,15.6,1366x768,4,Windows,2.1,0,0,Intel Core i3,500,0,Intel,35616.6144
Dell,Notebook,15.6,1366x768,4,Others/No OS/Linux,2.18,0,0,Intel Core i3,1000,0,AMD,24775.2
HP,Notebook,15.6,1920x1080,8,Windows,2.04,0,0,Intel Core i5,1000,0,Intel,42943.68
Dell,Ultrabook,13.3,1920x1080,8,Windows,1.21,0,1,Intel Core i7,0,256,Intel,87858.72
Asus,Gaming,17.3,1920x1080,16,Windows,2.73,0,0,Intel Core i7,1000,256,Nvidia,109218.672
Asus,Gaming,15.6,1920x1080,16,Windows,2.34,0,1,Intel Core i7,1000,256,Nvidia,123876.0
Lenovo,Ultrabook,14.0,1920x1080,4,Windows,1.7,0,0,Intel Core i5,0,180,Intel,58394.88
Lenovo,Notebook,13.3,1920x1080,8,Windows,1.4,0,1,Intel Core i3,0,256,Intel,50562.72
Acer,Notebook,15.6,1366x768,6,Windows,2.1,0,0,AMD Processor,1000,0,AMD,21791.52
Toshiba,Ultrabook,14.0,1920x1080,8,Windows,1.47,0,1,Intel Core i7,0,256,Intel,91908.0
HP,Ultrabook,12.5,1920x1080,8,Windows,1.26,0,0,Intel Core i7,0,256,Intel,71874.72
HP,Notebook,15.6,1920x1080,4,Others/No OS/Linux,1.86,0,0,Intel Core i3,500,0,Intel,18381.0672
Lenovo,Notebook,15.6,1920x1080,8,Windows,2.1,0,1,Intel Core i7,0,256,AMD,65510.9568
Dell,Notebook,15.6,1366x768,4,Others/No OS/Linux,2.18,0,0,Intel Core i3,1000,0,AMD,24279.696
Asus,Notebook,15.6,1366x768,4,Others/No OS/Linux,2.0,0,0,Other Intel Processor,500,0,Intel,11934.72
Asus,Notebook,15.6,1366x768,8,Others/No OS/Linux,2.3,0,0,Intel Core i5,1000,0,Nvidia,27864.9072
Dell,Gaming,15.6,1920x1080,8,Windows,2.56,0,0,Intel Core i7,1000,128,Nvidia,56502.9072
Dell,Notebook,13.3,1366x768,4,Windows,1.65,0,0,Intel Core i3,0,128,Intel,36709.92
Toshiba,Ultrabook,14.0,1920x1080,16,Windows,1.24,1,0,Intel Core i7,0,512,Intel,99367.2
Lenovo,Notebook,14.0,1920x1080,8,Windows,1.32,0,1,Intel Core i5,0,256,Intel,87912.0
Lenovo,Notebook,15.6,1920x1080,4,Others/No OS/Linux,2.2,0,0,Intel Core i5,1000,0,Intel,24881.76
Dell,Notebook,15.6,1920x1080,16,Windows,2.32,0,0,Intel Core i7,2000,0,AMD,52746.6672
Dell,Notebook,15.6,1920x1080,8,Windows,2.02,0,0,Intel Core i7,2000,256,AMD,60867.072
Acer,Notebook,14.0,1366x768,4,Others/No OS/Linux,1.45,0,0,Other Intel Processor,0,0,Intel,19980.0
Asus,Notebook,15.6,1366x768,4,Windows,2.0,0,0,AMD Processor,500,0,AMD,18594.72
MSI,Gaming,15.6,1920x1080,8,Windows,2.2,0,0,Intel Core i7,1000,128,Nvidia,78647.1408
HP,2 in 1 Convertible,14.0,1920x1080,4,Windows,1.63,1,1,Intel Core i3,0,128,Nvidia,37242.72
Lenovo,Notebook,15.6,1366x768,4,Windows,2.1,0,0,Other Intel Processor,500,0,Intel,16943.04
HP,Notebook,15.6,1920x1080,8,Windows,1.88,0,0,Intel Core i5,0,256,Intel,84129.12
Asus,Ultrabook,13.3,1920x1080,8,Windows,1.2,0,1,Other Intel Processor,0,512,Intel,38841.12
Toshiba,Notebook,15.6,1366x768,4,Windows,2.1,0,0,Intel Core i3,500,0,Intel,23816.16
Lenovo,Gaming,15.6,1920x1080,16,Windows,3.31,0,1,Intel Core i7,0,512,Nvidia,69530.4
HP,Notebook,17.3,1920x1080,16,Windows,2.9,0,1,Intel Core i7,1000,0,Nvidia,56423.52
HP,Notebook,13.3,1920x1080,8,Windows,1.34,0,1,Intel Core i5,0,256,Intel,63349.92
HP,Notebook,14.0,1920x1080,8,Windows,1.48,0,0,Intel Core i5,0,256,Intel,67559.04
HP,Notebook,14.0,1920x1080,8,Windows,1.64,0,0,Intel Core i7,0,256,Nvidia,63159.7104
Apple,Ultrabook,13.3,2560x1600,8,Mac,1.37,0,1,Intel Core i5,0,256,Intel,80908.344
Asus,Netbook,11.6,1366x768,2,Windows,1.1,0,0,Other Intel Processor,0,0,Intel,13053.6
Acer,Notebook,15.6,1366x768,8,Windows,2.2,0,0,AMD Processor,0,256,AMD,35111.52
Samsung,Ultrabook,13.3,1920x1080,8,Windows,1.31,1,0,Intel Core i7,0,256,Intel,85194.72
Lenovo,Notebook,15.6,1920x1080,6,Windows,2.4,0,0,Intel Core i5,1000,0,Intel,30049.92
HP,Ultrabook,12.5,1920x1080,8,Windows,1.26,0,0,Intel Core i7,0,256,Intel,122381.49599999998
HP,Ultrabook,12.5,1920x1080,4,Windows,1.26,0,0,Intel Core i5,500,0,Intel,84129.12
Lenovo,2 in 1 Convertible,13.3,1920x1080,8,Windows,1.37,1,1,Intel Core i7,0,256,Intel,103896.0
Toshiba,Ultrabook,13.3,1920x1080,8,Windows,1.2,0,0,Intel Core i7,0,256,Intel,72620.64
HP,2 in 1 Convertible,13.3,3840x2160,8,Windows,1.29,1,1,Intel Core i5,0,256,Intel,79866.72
Dell,Notebook,14.0,1920x1080,8,Windows,1.6,0,0,Intel Core i5,0,256,Intel,64202.4
HP,Gaming,15.6,1920x1080,12,Windows,2.62,0,1,Intel Core i7,1000,128,Nvidia,66546.72
Asus,Gaming,17.3,1920x1080,16,Windows,2.9,0,0,Intel Core i7,1000,256,Nvidia,128884.32
HP,Workstation,15.6,1920x1080,8,Windows,2.59,0,0,Intel Core i7,0,256,Nvidia,83170.08
HP,Ultrabook,13.3,1920x1080,8,Windows,1.32,0,1,Intel Core i7,0,256,Intel,74538.72
Dell,Ultrabook,12.5,1920x1080,16,Windows,1.18,0,0,Intel Core i7,0,256,Intel,99047.52
HP,Notebook,15.6,1366x768,4,Others/No OS/Linux,1.86,0,0,AMD Processor,500,0,AMD,13746.24
Lenovo,Notebook,15.6,1366x768,4,Others/No OS/Linux,2.2,0,0,Other Intel Processor,1000,0,Intel,17155.627200000003
Acer,Notebook,15.6,1366x768,4,Windows,2.4,0,0,Intel Core i5,500,0,Intel,29783.52
Lenovo,Gaming,17.3,1920x1080,32,Windows,4.6,0,1,Intel Core i7,0,512,Nvidia,172627.19999999998
Lenovo,Notebook,15.6,1366x768,4,Windows,2.2,0,0,AMD Processor,500,0,AMD,15930.72
Dell,Gaming,15.6,1920x1080,16,Windows,2.59,0,0,Intel Core i7,1000,0,Nvidia,46833.6528
HP,Notebook,15.6,1920x1080,4,Windows,2.1,0,0,AMD Processor,1000,0,AMD,21205.44
Dell,Notebook,15.6,1366x768,4,Others/No OS/Linux,2.2,0,0,Other Intel Processor,500,0,Intel,14646.672
Lenovo,Notebook,13.3,1920x1080,8,Windows,1.4,0,1,Intel Core i7,0,256,Intel,53812.8
HP,Ultrabook,13.3,3200x1800,8,Windows,1.39,1,0,Intel Core i7,0,256,Intel,61218.72
HP,Notebook,14.0,1920x1080,8,Windows,1.63,0,0,Intel Core i7,0,256,Nvidia,54931.68
Lenovo,Gaming,15.6,1920x1080,16,Windows,3.2,0,1,Intel Core i7,1000,512,Nvidia,93186.72
Asus,Netbook,11.6,1366x768,4,Others/No OS/Linux,1.2,0,0,Other Intel Processor,0,0,Intel,15339.311999999998
Asus,Gaming,17.3,1920x1080,8,Windows,2.7,0,1,Intel Core i7,1000,256,Nvidia,85194.72
Dell,Gaming,15.6,1920x1080,8,Windows,2.65,0,0,Intel Core i5,0,256,Nvidia,63669.6
Asus,Notebook,15.6,1366x768,4,Windows,2.2,0,0,Other Intel Processor,500,0,Intel,19660.32
Lenovo,Notebook,15.6,1920x1080,4,Windows,1.9,0,0,Intel Core i5,1000,0,Intel,29250.72
Dell,Notebook,15.6,1366x768,8,Windows,2.5,0,0,Intel Core i5,1000,0,AMD,41771.52
Acer,Notebook,15.6,1920x1080,8,Windows,3.0,0,1,Intel Core i7,0,256,Nvidia,50669.28
Lenovo,2 in 1 Convertible,14.0,1920x1080,16,Windows,1.38,1,0,Intel Core i7,0,512,Intel,93186.72
Dell,Gaming,15.6,1920x1080,16,Windows,2.65,0,1,Intel Core i7,1000,128,Nvidia,71874.72
Lenovo,Notebook,15.6,1920x1080,16,Windows,2.5,0,0,Intel Core i7,0,512,Nvidia,130482.72
MSI,Gaming,15.6,1920x1080,8,Windows,2.2,0,0,Intel Core i7,1000,128,Nvidia,63882.72
MSI,Gaming,17.3,1920x1080,16,Windows,2.8,0,0,Intel Core i7,1000,256,Nvidia,100699.2
Asus,Gaming,15.6,1920x1080,8,Windows,2.2,0,0,Intel Core i7,1000,0,Nvidia,50562.72
Asus,Notebook,14.0,1366x768,4,Windows,1.5,0,0,Other Intel Processor,0,0,Intel,14811.84
HP,Notebook,15.6,1366x768,6,Windows,2.19,0,0,Intel Core i7,1000,0,AMD,40705.92
Dell,Gaming,15.6,1920x1080,8,Windows,2.62,0,0,Intel Core i5,0,256,Nvidia,52480.8
Mediacom,Notebook,14.0,1920x1080,4,Windows,1.45,0,1,Other Intel Processor,0,32,Intel,20725.92
Acer,Notebook,15.6,1366x768,4,Others/No OS/Linux,2.4,0,0,Intel Core i5,500,0,Intel,23539.104
Lenovo,Notebook,15.6,1920x1080,4,Windows,2.1,0,0,Intel Core i5,2000,0,Intel,33110.856
Acer,Ultrabook,13.3,1920x1080,8,Windows,1.12,0,1,Intel Core i5,0,256,Intel,52693.92
Asus,Gaming,17.3,1920x1080,16,Windows,3.2,0,0,AMD Processor,1000,256,AMD,82530.72
Lenovo,2 in 1 Convertible,14.0,1920x1080,4,Windows,1.8,1,1,Intel Core i7,0,128,Intel,33992.64
Dell,Notebook,15.6,1366x768,4,Windows,2.2,0,0,Other Intel Processor,500,0,Intel,19660.32
Acer,Notebook,15.6,1366x768,4,Others/No OS/Linux,2.1,0,0,Intel Core i3,1000,0,Intel,20779.2
Dell,Notebook,15.6,1920x1080,16,Windows,2.06,0,0,Intel Core i7,0,512,Nvidia,101178.72
Lenovo,Notebook,15.6,1920x1080,8,Windows,2.32,0,0,Intel Core i7,0,0,AMD,47685.6
Dell,Notebook,15.6,1366x768,4,Windows,2.18,0,0,Intel Core i3,1000,0,AMD,32921.712
Dell,Notebook,15.6,1920x1080,8,Windows,2.16,0,1,Intel Core i7,1000,256,Nvidia,60223.98239999999
Lenovo,Notebook,14.0,1366x768,2,Windows,1.42,0,0,Other Intel Processor,0,0,Intel,13266.72
HP,Notebook,15.6,1920x1080,16,Windows,2.1,0,0,Intel Core i7,0,512,Intel,61751.52
Asus,Notebook,15.6,1920x1080,8,Windows,2.37,0,0,Intel Core i5,0,256,Intel,58554.72
Lenovo,Netbook,11.6,1366x768,4,Windows,1.4,1,0,Other Intel Processor,0,128,Intel,25308.0
Dell,Notebook,15.6,1920x1080,8,Windows,2.18,0,0,Intel Core i5,1000,0,Intel,44542.08
Lenovo,Notebook,15.6,1920x1080,4,Windows,2.2,0,0,Intel Core i3,1000,0,Nvidia,30849.12
Dell,Notebook,15.6,1366x768,4,Windows,1.95,0,0,Intel Core i5,500,0,Intel,38889.072
Dell,Ultrabook,12.5,1366x768,8,Windows,1.5,0,0,Intel Core i5,0,256,Intel,75289.968
Acer,Notebook,15.6,1920x1080,4,Others/No OS/Linux,2.2,0,1,Other Intel Processor,0,0,Intel,19127.52
HP,Notebook,14.0,1920x1080,8,Windows,1.64,0,0,Intel Core i5,0,256,Nvidia,55904.5728
HP,Notebook,14.0,1920x1080,8,Windows,1.63,0,0,Intel Core i5,1000,0,Intel,43263.36
Asus,Gaming,15.6,1920x1080,8,Windows,2.24,0,0,Intel Core i7,1000,128,Nvidia,71341.92
Acer,Notebook,14.0,1920x1080,8,Windows,1.5,0,1,Intel Core i3,0,128,Intel,32980.32
HP,Notebook,14.0,1920x1080,8,Windows,1.63,0,0,Intel Core i7,0,512,Intel,57755.52
Dell,Ultrabook,13.3,1920x1080,8,Windows,1.42,1,0,Intel Core i5,0,256,Intel,98133.768
Dell,Notebook,15.6,1920x1080,8,Windows,2.0,0,0,Intel Core i7,1000,128,Nvidia,64308.96
Dell,Ultrabook,12.5,1366x768,4,Windows,1.5,0,0,Intel Core i3,500,0,Intel,60480.792
Asus,Notebook,15.6,1366x768,4,Windows,2.0,0,0,Intel Core i5,0,256,Intel,31232.203200000004
MSI,Gaming,17.3,1920x1080,16,Windows,4.14,0,0,Intel Core i7,1000,128,Nvidia,117162.72
MSI,Gaming,15.6,1920x1080,8,Windows,2.2,0,0,Intel Core i5,1000,128,Nvidia,58021.92
Razer,Gaming,17.3,3840x2160,32,Windows,3.49,1,0,Intel Core i7,0,512,Nvidia,292986.72
Asus,Notebook,15.6,1920x1080,8,Windows,1.7,0,0,Intel Core i7,0,256,Nvidia,59567.04
Dell,Notebook,15.6,1920x1080,8,Windows,2.2,0,0,Intel Core i7,0,256,AMD,48964.32
HP,Notebook,14.0,1920x1080,8,Windows,1.43,0,0,Intel Core i5,0,256,Intel,78268.31999999999
Acer,Notebook,15.6,1366x768,4,Others/No OS/Linux,2.1,0,0,Intel Core i3,0,128,Intel,21951.36
HP,Notebook,14.0,1920x1080,6,Windows,1.58,0,1,Intel Core i5,0,256,Nvidia,35111.52
Asus,Notebook,15.6,1920x1080,8,Windows,1.99,0,0,Intel Core i5,1000,0,Nvidia,48304.7136
HP,Ultrabook,14.0,1920x1080,8,Windows,1.36,0,1,Intel Core i7,0,256,Intel,93240.0
HP,Notebook,17.3,1920x1080,8,Windows,2.5,0,0,Intel Core i7,1000,0,Nvidia,54239.04
Toshiba,Notebook,15.6,1920x1080,8,Windows,2.0,0,1,Intel Core i5,500,0,Intel,56689.92
Dell,Notebook,14.0,1366x768,4,Windows,1.76,0,0,Intel Core i5,500,0,Intel,40226.4
HP,Netbook,12.5,1920x1080,8,Windows,1.26,0,0,Intel Core i5,0,256,Intel,88924.31999999999
Lenovo,Ultrabook,14.0,1920x1080,8,Windows,1.13,0,1,Intel Core i7,0,512,Intel,133146.72
HP,Ultrabook,14.0,1920x1080,8,Windows,1.48,0,0,Intel Core i7,0,512,Intel,111301.92
Lenovo,Notebook,15.6,1366x768,4,Others/No OS/Linux,2.2,0,0,Intel Core i3,0,128,Intel,19660.32
Dell,Ultrabook,15.6,1920x1080,8,Windows,1.9,0,0,Intel Core i5,1000,0,AMD,35324.64
Asus,Notebook,15.6,1366x768,4,Windows,2.0,0,0,Intel Core i3,1000,0,Intel,23176.8
Asus,Notebook,15.6,1366x768,4,Others/No OS/Linux,2.0,0,0,Other Intel Processor,1000,0,Intel,21258.1872
Dell,Gaming,15.6,1920x1080,8,Windows,2.62,0,0,Intel Core i7,1000,0,Nvidia,58554.72
HP,Notebook,17.3,1920x1080,8,Windows,2.5,0,1,Intel Core i5,1000,0,Nvidia,48697.92
Dell,Notebook,15.6,1920x1080,8,Others/No OS/Linux,2.2,0,0,Intel Core i5,1000,0,AMD,34472.16
Apple,Ultrabook,13.3,2560x1600,8,Mac,1.37,0,1,Intel Core i5,0,256,Intel,96095.808
Acer,2 in 1 Convertible,11.6,1366x768,4,Others/No OS/Linux,1.25,1,1,Other Intel Processor,0,0,Intel,20193.12
HP,Notebook,14.0,1366x768,8,Windows,1.94,0,0,Other Intel Processor,2000,0,Intel,20725.92
HP,Notebook,15.6,1920x1080,4,Windows,1.86,0,0,AMD Processor,0,256,AMD,21231.5472
Dell,Notebook,15.6,1920x1080,4,Windows,2.18,0,0,Intel Core i5,1000,0,Intel,35004.96
Acer,Notebook,15.6,1920x1080,4,Windows,2.23,0,0,Intel Core i5,0,256,Nvidia,36816.48
Lenovo,Notebook,15.6,1920x1080,4,Windows,2.2,0,0,Other Intel Processor,0,128,Intel,18594.72
HP,Notebook,14.0,1920x1080,4,Windows,1.54,0,0,Intel Core i5,500,0,Intel,54931.14719999999
Toshiba,Ultrabook,14.0,1920x1080,16,Windows,1.47,0,1,Intel Core i7,0,512,Nvidia,93985.92
Toshiba,Notebook,15.6,1366x768,4,Windows,2.0,0,0,Intel Core i3,500,0,Intel,35644.32
Dell,Notebook,15.6,1366x768,4,Windows,2.18,0,0,Intel Core i3,0,128,Intel,29144.16
Lenovo,Notebook,14.0,1920x1080,4,Windows,1.7,0,0,Intel Core i5,0,256,Intel,37242.72
Asus,Gaming,15.6,1920x1080,8,Windows,2.5,0,0,Intel Core i7,1000,128,Nvidia,67399.2
Lenovo,Notebook,15.6,1920x1080,12,Windows,2.2,0,0,AMD Processor,2000,0,AMD,47898.72
HP,Notebook,14.0,1920x1080,4,Windows,1.54,0,0,Intel Core i5,0,256,Intel,58607.46719999999
Acer,Notebook,15.6,1920x1080,8,Windows,2.23,0,0,AMD Processor,0,256,AMD,24988.32
Acer,Notebook,15.6,1366x768,4,Windows,2.1,0,0,Intel Core i3,1000,0,Intel,23816.16
Acer,Notebook,15.6,1366x768,4,Windows,2.1,0,0,AMD Processor,0,256,AMD,24029.28
MSI,Gaming,17.3,1920x1080,16,Windows,2.7,0,0,Intel Core i7,1000,256,Nvidia,79536.38399999999
Lenovo,Notebook,15.6,1920x1080,4,Windows,2.05,0,0,Intel Core i5,500,0,Intel,36496.8
Asus,2 in 1 Convertible,12.5,1920x1080,4,Others/No OS/Linux,1.2,1,0,Other Intel Processor,0,0,Intel,35644.32
MSI,Gaming,17.3,1920x1080,8,Windows,2.7,0,0,Intel Core i7,1000,128,Nvidia,79215.1056
Lenovo,2 in 1 Convertible,10.1,1920x1200,4,Others/No OS/Linux,0.69,1,1,Other Intel Processor,0,0,Intel,16996.32
Lenovo,Gaming,17.3,1920x1080,16,Windows,4.6,0,1,Intel Core i7,1000,128,Nvidia,122010.66719999998
Dell,Ultrabook,13.3,3200x1800,8,Windows,1.3,0,0,Intel Core i7,0,256,Intel,67559.04
Dell,Notebook,15.6,1920x1080,8,Windows,2.2,0,0,Intel Core i5,1000,128,AMD,38308.32
Dell,Notebook,15.6,1920x1080,8,Windows,2.0,0,0,Intel Core i3,0,256,AMD,39373.92
Lenovo,Notebook,14.0,1920x1080,8,Windows,1.7,0,0,Intel Core i5,0,256,Intel,63190.08
HP,Workstation,15.6,1920x1080,8,Windows,2.6,0,0,Intel Core i7,0,256,Nvidia,92615.0256
HP,Notebook,15.6,1366x768,4,Windows,1.86,0,0,AMD Processor,500,0,AMD,21258.72
Lenovo,Gaming,15.6,1920x1080,8,Others/No OS/Linux,2.4,0,1,Intel Core i7,0,256,Nvidia,46300.32
HP,2 in 1 Convertible,13.3,3840x2160,8,Windows,1.29,1,1,Intel Core i7,0,512,Intel,106506.72
Asus,Notebook,14.1,1366x768,4,Windows,1.65,0,0,Other Intel Processor,0,0,Intel,18541.44
Dell,Ultrabook,14.0,2560x1440,8,Windows,1.5,1,0,Intel Core i7,0,256,Intel,104587.57439999998
MSI,Gaming,15.6,1920x1080,8,Windows,2.2,0,0,Intel Core i7,1000,128,Nvidia,63499.10399999999
Lenovo,Ultrabook,14.0,2560x1440,16,Windows,1.13,0,1,Intel Core i7,0,1000,Intel,139860.0
Acer,Notebook,15.6,1920x1080,4,Windows,2.2,0,0,Intel Core i7,500,0,Nvidia,34045.92
Lenovo,Notebook,15.6,1920x1080,8,Others/No OS/Linux,2.3,0,1,Intel Core i5,0,256,Intel,30529.44
HP,Notebook,14.0,1920x1080,8,Windows,1.48,0,0,Intel Core i7,0,256,Intel,68837.76
Dell,Ultrabook,13.3,1920x1080,8,Windows,1.22,1,1,Intel Core i5,0,128,Intel,52161.12
Lenovo,2 in 1 Convertible,13.3,1920x1080,8,Windows,1.19,1,1,Intel Core i7,0,512,Intel,79866.72
Lenovo,Notebook,14.0,1366x768,4,Windows,1.44,0,0,Other Intel Processor,0,0,Intel,13266.72
Lenovo,Ultrabook,14.0,1920x1080,8,Windows,1.13,0,1,Intel Core i5,0,0,Intel,99900.0
Dell,2 in 1 Convertible,13.3,1920x1080,16,Windows,1.22,1,0,Intel Core i7,0,256,Intel,87858.72
Lenovo,Notebook,13.3,1920x1080,8,Windows,1.44,0,0,Intel Core i5,0,256,Intel,50562.72
Dell,Notebook,14.0,1366x768,4,Windows,1.76,0,0,Intel Core i3,500,0,Intel,31168.8
Dell,Gaming,15.6,3840x2160,8,Windows,2.62,0,0,Intel Core i7,1000,128,Nvidia,79813.44
Dell,Ultrabook,14.0,1920x1080,8,Windows,1.36,0,0,Intel Core i7,0,512,Intel,89510.4
Dell,Notebook,15.6,1366x768,4,Windows,2.18,0,0,Intel Core i5,1000,0,AMD,36496.2672
HP,Netbook,11.6,1366x768,4,Others/No OS/Linux,1.23,0,0,Other Intel Processor,0,0,Intel,20512.8
Toshiba,Ultrabook,13.3,1366x768,8,Windows,1.2,0,0,Intel Core i5,0,256,Intel,58341.6
HP,Notebook,15.6,1920x1080,4,Windows,1.86,0,0,Other Intel Processor,0,256,Intel,21258.1872
Dell,Gaming,15.6,3840x2160,16,Windows,4.42,0,1,Intel Core i7,1000,256,Nvidia,152859.7872
Asus,Notebook,15.6,1920x1080,16,Windows,2.2,0,0,Intel Core i7,1000,128,Nvidia,93186.72
Toshiba,Notebook,15.6,1920x1080,16,Windows,2.4,0,1,Intel Core i7,0,256,Nvidia,75924.0
HP,Notebook,15.6,1366x768,4,Windows,1.86,0,0,Intel Core i5,1000,0,Intel,26037.4032
Dell,Notebook,15.6,1366x768,8,Windows,2.3,0,0,Intel Core i3,1000,0,Intel,24455.52
Dell,Notebook,15.6,1920x1080,8,Windows,2.2,0,0,Intel Core i7,2000,128,AMD,52480.8
HP,Gaming,17.3,1920x1080,12,Windows,3.74,0,1,Intel Core i7,1000,0,AMD,93186.72
HP,Notebook,15.6,1366x768,4,Windows,2.07,0,0,Intel Core i3,500,0,Intel,34632.0
HP,Notebook,15.6,1366x768,4,Others/No OS/Linux,2.1,0,0,Intel Core i5,500,0,Intel,25414.0272
Asus,Notebook,15.6,1366x768,4,Windows,2.2,0,0,Other Intel Processor,500,0,Intel,19660.32
Lenovo,Ultrabook,14.0,1920x1080,16,Windows,1.7,0,0,Intel Core i7,0,512,Intel,122490.72
Dell,Notebook,15.6,1366x768,4,Windows,2.25,0,0,Intel Core i5,500,0,AMD,31914.72
Lenovo,2 in 1 Convertible,13.3,3200x1800,16,Windows,1.3,1,1,Intel Core i7,0,512,Intel,79866.72
Asus,Ultrabook,12.5,1920x1080,16,Windows,0.91,0,0,Intel Core i7,0,512,Intel,103896.0
HP,Ultrabook,14.0,1920x1080,4,Windows,1.48,0,0,Intel Core i5,0,256,Intel,57648.96
Lenovo,2 in 1 Convertible,13.3,1920x1080,8,Windows,1.37,1,1,Intel Core i7,0,256,Intel,93635.3376
Lenovo,Ultrabook,12.5,1920x1080,8,Windows,1.36,0,1,Intel Core i5,0,256,Intel,93772.8
Lenovo,Notebook,15.6,1920x1080,4,Windows,2.2,0,0,Intel Core i5,500,0,Intel,28504.8
Lenovo,Ultrabook,14.0,1920x1080,8,Windows,1.96,0,1,Intel Core i7,0,256,Nvidia,101391.84
Acer,Notebook,15.6,1366x768,4,Windows,2.23,0,0,Intel Core i5,500,0,Intel,32980.32
Asus,Ultrabook,15.6,1920x1080,8,Windows,1.7,0,0,Intel Core i5,0,256,Nvidia,52054.56
Lenovo,Notebook,15.6,1920x1080,8,Windows,2.2,0,0,Intel Core i7,1000,0,Nvidia,47898.72
Asus,Notebook,15.6,1366x768,4,Windows,2.65,0,0,Other Intel Processor,1000,0,Intel,16463.52
Dell,Gaming,15.6,1920x1080,16,Windows,3.49,0,0,Intel Core i7,1000,256,Nvidia,149916.6
Lenovo,Notebook,14.0,1366x768,4,Windows,2.02,0,0,Intel Core i5,500,0,Intel,52747.2
Acer,Notebook,15.6,1366x768,4,Others/No OS/Linux,2.4,0,0,Intel Core i3,500,0,Intel,19276.704
Apple,Ultrabook,15.4,2880x1800,16,Mac,1.83,0,1,Intel Core i7,0,512,AMD,152274.24
Asus,Notebook,14.0,1366x768,4,Windows,1.65,0,0,AMD Processor,0,64,AMD,14811.3072
HP,Notebook,15.6,1920x1080,8,Windows,2.31,0,0,Intel Core i5,0,256,Intel,62071.2
Dell,2 in 1 Convertible,15.6,1920x1080,12,Windows,2.19,1,1,Intel Core i7,0,512,Intel,69210.72
Dell,Notebook,15.6,1366x768,2,Windows,2.2,0,0,Other Intel Processor,500,0,Intel,20193.12
Lenovo,2 in 1 Convertible,14.0,2560x1440,16,Windows,1.42,1,0,Intel Core i7,0,1000,Intel,150462.72
Lenovo,Notebook,15.6,1366x768,4,Others/No OS/Linux,1.9,0,0,Other Intel Processor,0,128,Intel,14418.6336
Lenovo,Notebook,14.0,1366x768,2,Windows,1.5,0,0,Other Intel Processor,0,0,Intel,12201.12
Toshiba,Notebook,15.6,1920x1080,8,Windows,2.2,0,1,Intel Core i7,0,256,Intel,74538.72
Dell,Notebook,15.6,1920x1080,16,Others/No OS/Linux,2.02,0,0,Intel Core i7,2000,256,AMD,55890.72
Asus,Gaming,17.3,1920x1080,16,Windows,2.9,0,0,Intel Core i7,1000,256,Nvidia,113060.16
Lenovo,Notebook,15.6,1920x1080,8,Windows,2.17,0,0,Intel Core i7,0,256,Intel,47893.39199999999
Lenovo,2 in 1 Convertible,14.0,1920x1080,8,Windows,1.8,1,1,Intel Core i7,0,256,Intel,88924.31999999999
HP,Notebook,15.6,1920x1080,4,Windows,2.31,0,0,Intel Core i5,500,0,Intel,50083.2
Asus,Gaming,15.6,1920x1080,24,Windows,2.24,0,0,Intel Core i7,0,512,Nvidia,158135.04
Dell,Workstation,15.6,1920x1080,8,Windows,1.78,0,0,Intel Core i7,0,256,Nvidia,128298.24
Asus,2 in 1 Convertible,13.3,1920x1080,8,Windows,1.1,1,0,Intel Core i5,0,256,Intel,70063.2
Dell,Notebook,15.6,1920x1080,8,Windows,2.2,0,0,Intel Core i7,0,256,AMD,39693.6
Lenovo,Notebook,14.0,1920x1080,4,Windows,1.87,0,0,Intel Core i5,500,0,Intel,41824.8
Lenovo,Gaming,15.6,1920x1080,8,Windows,3.31,0,1,Intel Core i7,1000,128,Nvidia,63722.88
Apple,Ultrabook,12.0,2304x1440,8,Mac,0.92,0,1,Other Intel Processor,0,0,Intel,69264.0
HP,Notebook,14.0,1920x1080,8,Windows,1.43,0,0,Intel Core i7,0,256,Intel,118761.12
Dell,Ultrabook,13.3,1920x1080,4,Windows,1.4,0,1,Intel Core i5,0,256,AMD,43601.688
Acer,2 in 1 Convertible,11.6,1366x768,4,Others/No OS/Linux,1.25,1,1,Other Intel Processor,0,0,Intel,20725.92
Dell,Notebook,15.6,1366x768,4,Others/No OS/Linux,2.18,0,0,Intel Core i5,1000,0,Intel,27804.7008
Lenovo,Notebook,15.6,1920x1080,6,Windows,2.2,0,0,Intel Core i5,0,256,Intel,30849.12
Dell,Notebook,15.6,1366x768,8,Windows,1.95,0,0,Intel Core i5,0,128,Intel,43156.8
Acer,Notebook,15.6,1920x1080,8,Windows,2.2,0,0,Intel Core i7,0,256,Nvidia,44328.96
Apple,Ultrabook,13.3,1440x900,8,Mac,1.35,0,0,Intel Core i5,0,0,Intel,58554.72
Google,Ultrabook,12.3,2400x1600,16,Others/No OS/Linux,1.1,1,0,Intel Core i7,0,512,Intel,117162.72
HP,Notebook,15.6,1920x1080,6,Windows,2.04,0,0,AMD Processor,0,0,AMD,29303.4672
HP,Notebook,15.6,1920x1080,8,Windows,1.9,0,0,Intel Core i7,1000,0,AMD,67612.31999999999
Dell,Notebook,17.3,1920x1080,8,Windows,2.8,0,1,Intel Core i5,1000,128,AMD,52161.12
HP,Workstation,17.3,1920x1080,16,Windows,3.0,0,1,Other Intel Processor,0,256,Nvidia,233845.92
HP,Notebook,15.6,1920x1080,8,Windows,1.84,0,0,Intel Core i5,500,256,Intel,112065.9552
Lenovo,Ultrabook,14.0,2560x1440,12,Windows,1.4,0,1,Intel Core i7,0,256,Intel,98994.24
Lenovo,2 in 1 Convertible,10.1,1920x1200,4,Others/No OS/Linux,0.69,1,1,Other Intel Processor,0,0,Intel,29250.72
HP,Notebook,15.6,1920x1080,6,Windows,2.04,0,0,AMD Processor,0,0,AMD,29303.4672
Dell,Notebook,15.6,1366x768,4,Windows,2.2,0,0,Intel Core i3,1000,0,AMD,29073.297599999994
Asus,Gaming,17.3,1920x1080,16,Windows,4.3,0,1,Intel Core i7,1000,512,Nvidia,114552.0
Dell,Notebook,15.6,3840x2160,16,Windows,2.06,1,0,Intel Core i7,0,1000,Nvidia,127818.72
Lenovo,Gaming,15.6,1920x1080,8,Others/No OS/Linux,2.4,0,1,Intel Core i5,1000,128,Nvidia,52693.92
Acer,Notebook,15.6,1366x768,4,Windows,2.4,0,0,AMD Processor,500,0,AMD,20619.36
Dell,Notebook,15.6,1920x1080,8,Others/No OS/Linux,1.98,0,0,Intel Core i7,0,256,Nvidia,47686.1328
HP,Workstation,15.6,1920x1080,8,Windows,3.14,0,0,Intel Core i7,0,256,Nvidia,110017.872
Asus,Notebook,15.6,1366x768,4,Windows,2.03,0,0,AMD Processor,1000,0,AMD,21471.84
Dell,2 in 1 Convertible,13.3,1920x1080,8,Windows,1.24,1,0,Intel Core i5,0,256,Intel,101178.72
Toshiba,Ultrabook,14.0,1366x768,4,Windows,1.25,0,0,Intel Core i5,0,128,Intel,58075.2
Lenovo,2 in 1 Convertible,15.6,1920x1080,4,Windows,2.1,1,1,Intel Core i5,0,256,Intel,46193.76
Xiaomi,Ultrabook,13.3,1920x1080,8,Windows,1.28,0,1,Intel Core i5,0,256,Nvidia,49816.8
HP,Notebook,15.6,1920x1080,8,Windows,2.04,0,0,Intel Core i7,0,256,Nvidia,54291.78719999999
Lenovo,Notebook,15.6,1366x768,4,Windows,1.9,0,0,Intel Core i5,0,128,Intel,26533.44
HP,Notebook,15.6,1366x768,4,Windows,1.86,0,0,Intel Core i5,500,0,Intel,25840.8
Lenovo,Gaming,15.6,1920x1080,8,Others/No OS/Linux,2.4,0,1,Intel Core i7,1000,256,Nvidia,61218.72
HP,Netbook,12.5,1366x768,4,Windows,2.4,0,0,Intel Core i5,0,128,Intel,85194.72
HP,Ultrabook,13.3,1920x1080,8,Windows,1.38,0,1,Intel Core i7,0,256,Nvidia,59620.32
HP,Gaming,17.3,1920x1080,16,Windows,3.78,0,1,Intel Core i7,1000,256,Nvidia,79813.44
Dell,Notebook,15.6,1366x768,2,Windows,2.2,0,0,Other Intel Processor,500,0,Intel,20193.12
HP,Notebook,13.3,1920x1080,8,Windows,1.49,0,0,Intel Core i7,0,512,Intel,58767.84
Dell,Gaming,15.6,1920x1080,8,Windows,2.62,0,0,Intel Core i7,0,0,Nvidia,47898.72
Acer,Notebook,15.6,1920x1080,8,Others/No OS/Linux,2.5,0,0,Intel Core i7,0,256,Nvidia,46833.12
Dell,Ultrabook,13.3,3840x2160,8,Windows,1.21,1,1,Intel Core i7,0,256,Intel,103842.72
MSI,Gaming,17.3,1920x1080,16,Windows,2.7,0,0,Intel Core i7,1000,256,Nvidia,85141.44
Asus,Ultrabook,14.0,1920x1080,16,Windows,1.3,0,0,Intel Core i7,0,512,Nvidia,79653.59999999999
HP,Notebook,13.3,1366x768,4,Windows,1.49,0,0,Intel Core i3,500,0,Intel,42624.0
HP,Notebook,15.6,1920x1080,8,Windows,2.04,0,0,Intel Core i7,0,256,Intel,57009.6
HP,Workstation,15.6,1920x1080,8,Windows,2.31,0,1,Intel Core i7,0,512,Intel,81731.52
Lenovo,2 in 1 Convertible,13.9,1920x1080,8,Windows,1.37,1,1,Intel Core i7,0,512,Intel,98514.72
Dell,Gaming,15.6,1920x1080,8,Others/No OS/Linux,2.62,0,0,Intel Core i7,1000,0,Nvidia,49497.12
HP,Ultrabook,15.6,1920x1080,8,Windows,1.88,0,0,Intel Core i7,0,256,Intel,115709.2416
HP,2 in 1 Convertible,13.3,1920x1080,4,Windows,1.28,1,0,Intel Core i5,0,256,Intel,90576.0
Razer,Gaming,14.0,1920x1080,16,Windows,1.95,0,0,Intel Core i7,0,1000,Nvidia,186426.72
Fujitsu,Notebook,15.6,1366x768,8,Windows,2.2,0,0,Intel Core i5,0,256,Intel,42570.72
Lenovo,Gaming,15.6,1920x1080,16,Windows,2.4,0,1,Intel Core i7,2000,256,Nvidia,60153.12
Vero,Notebook,13.3,1920x1080,4,Windows,1.35,0,0,Other Intel Processor,0,0,Intel,10442.88
HP,Notebook,15.6,1920x1080,4,Windows,2.1,0,1,Intel Core i5,500,0,Intel,38468.16
Dell,Gaming,15.6,1920x1080,16,Windows,2.56,0,0,Intel Core i7,0,512,Nvidia,66560.5728
Google,Ultrabook,12.3,2400x1600,8,Others/No OS/Linux,1.1,1,0,Intel Core i5,0,128,Intel,67932.0
Lenovo,Gaming,15.6,1920x1080,8,Windows,2.5,0,1,Intel Core i7,1000,128,Nvidia,59087.52
Dell,Notebook,15.6,1366x768,6,Windows,2.3,0,0,Intel Core i3,1000,0,Intel,24455.52
Lenovo,Gaming,15.6,1920x1080,16,Windows,2.6,1,1,Intel Core i7,1000,128,Nvidia,54825.12
Lenovo,Notebook,15.6,1920x1080,4,Windows,2.2,0,0,Intel Core i3,0,128,Intel,26586.72
Dell,Notebook,15.6,1366x768,4,Windows,2.18,0,0,Intel Core i5,1000,0,Intel,37725.4368
Lenovo,Ultrabook,12.5,1920x1080,16,Windows,1.36,0,1,Intel Core i7,0,512,Intel,95797.44
Asus,Notebook,14.0,1920x1080,4,Windows,2.0,0,0,Intel Core i3,0,256,Intel,40972.32
HP,Ultrabook,12.5,3840x2160,8,Windows,0.97,1,1,Other Intel Processor,0,512,Intel,107305.92
Lenovo,Notebook,15.6,1920x1080,8,Windows,2.1,0,1,Intel Core i5,1000,256,AMD,60978.96
Lenovo,Ultrabook,14.0,1920x1080,8,Windows,1.7,0,1,Intel Core i7,0,256,Intel,79333.3872
Dell,Ultrabook,12.5,1920x1080,8,Windows,1.26,1,0,Intel Core i5,0,256,Intel,91288.3536
Dell,Gaming,17.3,3840x2160,32,Windows,4.42,0,1,Intel Core i7,1000,512,Nvidia,167691.8736
Lenovo,Notebook,14.0,1920x1080,8,Others/No OS/Linux,1.5,0,1,Intel Core i7,0,512,AMD,42570.72
Dell,Notebook,15.6,3840x2160,16,Windows,2.06,1,0,Intel Core i7,0,512,Nvidia,127712.16
Lenovo,2 in 1 Convertible,15.6,1920x1080,8,Windows,2.0,1,1,Intel Core i7,0,256,Intel,69210.72
Toshiba,Notebook,15.6,1366x768,4,Windows,2.1,0,0,Intel Core i5,500,0,Intel,32074.56
HP,Notebook,15.6,1920x1080,8,Windows,1.84,0,0,Intel Core i5,0,256,Intel,101232.0
Toshiba,Notebook,13.3,1920x1080,4,Windows,1.2,0,0,Intel Core i5,0,128,Intel,63669.6
HP,Notebook,13.3,1920x1080,8,Windows,1.49,0,0,Intel Core i5,0,512,Intel,51095.52
Lenovo,Notebook,15.6,1920x1080,8,Windows,2.2,0,1,Intel Core i7,1000,0,Nvidia,35644.32
Lenovo,Notebook,17.3,1920x1080,8,Others/No OS/Linux,2.8,0,0,Intel Core i7,2000,0,Nvidia,45234.72
Dell,Notebook,15.6,1920x1080,8,Windows,2.0,0,0,Intel Core i7,0,256,Nvidia,97449.12
Acer,Notebook,15.6,1366x768,4,Windows,2.1,0,0,Other Intel Processor,500,0,Intel,17742.239999999998
Lenovo,Notebook,15.6,1366x768,4,Windows,2.2,0,0,Other Intel Processor,1000,0,Intel,16303.68
Lenovo,Notebook,15.6,1920x1080,8,Others/No OS/Linux,2.2,0,0,Intel Core i5,0,256,Nvidia,33513.119999999995
Acer,Notebook,15.6,1920x1080,8,Windows,2.23,0,0,Intel Core i7,1000,0,Nvidia,39533.76
Dell,Gaming,15.6,1920x1080,16,Windows,3.21,0,0,Intel Core i7,1000,256,Nvidia,147832.28639999998
HP,Notebook,15.6,1366x768,8,Windows,2.04,1,0,Intel Core i5,1000,0,Intel,29783.52
MSI,Gaming,15.6,1920x1080,8,Windows,2.3,0,0,Intel Core i7,1000,128,Nvidia,62284.32
Dell,Ultrabook,13.3,3200x1800,8,Windows,1.29,1,0,Intel Core i7,0,256,Intel,78694.56
Asus,Ultrabook,13.3,1920x1080,16,Windows,1.1,1,0,Intel Core i7,0,512,Intel,93181.392
Asus,Notebook,15.6,1920x1080,8,Windows,2.3,0,1,Intel Core i7,0,256,Nvidia,41931.36
Dell,2 in 1 Convertible,13.3,1920x1080,16,Windows,1.62,1,0,Intel Core i7,0,512,Intel,68145.12
HP,Notebook,17.0,1600x900,8,Windows,2.6,0,0,AMD Processor,1000,0,AMD,27753.552
Apple,Ultrabook,13.3,1440x900,8,Mac,1.34,0,0,Intel Core i5,0,0,Intel,47895.5232
Lenovo,2 in 1 Convertible,13.3,1920x1080,8,Windows,1.37,1,1,Intel Core i5,0,256,Intel,74538.72
Toshiba,Ultrabook,13.3,1920x1080,16,Windows,1.36,1,0,Intel Core i7,0,512,Intel,100006.56
Asus,Gaming,15.6,1920x1080,16,Windows,2.5,0,1,Intel Core i7,1000,256,Nvidia,85248.0
Dell,Ultrabook,14.0,1920x1080,8,Windows,1.36,0,0,Intel Core i7,0,256,Intel,94572.0
Dell,Notebook,15.6,1920x1080,8,Windows,2.18,0,0,Intel Core i7,0,256,Nvidia,53807.472
Lenovo,Notebook,15.6,1366x768,4,Others/No OS/Linux,2.1,0,0,Intel Core i5,500,0,Intel,21205.44
Dell,Notebook,15.6,1920x1080,4,Windows,2.2,0,0,Intel Core i5,0,256,AMD,39906.72
HP,Workstation,17.3,1920x1080,8,Windows,3.0,0,1,Intel Core i7,0,256,Nvidia,210424.032
HP,Notebook,15.6,1920x1080,6,Windows,2.04,0,0,Intel Core i3,1000,0,AMD,28717.92
Lenovo,Gaming,15.6,1920x1080,8,Windows,2.4,0,1,Intel Core i5,1000,0,Nvidia,43636.32
Lenovo,Notebook,13.3,1366x768,4,Others/No OS/Linux,1.45,0,0,Other Intel Processor,0,0,Intel,24503.472
Toshiba,Notebook,13.3,1920x1080,8,Windows,1.2,0,0,Intel Core i5,0,256,Intel,64628.64
HP,Notebook,17.3,1920x1080,6,Windows,2.71,0,1,AMD Processor,2000,0,AMD,34898.932799999995
Dell,Gaming,17.3,1920x1080,32,Windows,4.42,0,0,Intel Core i7,1000,256,Nvidia,149184.0
Lenovo,Notebook,15.6,1920x1080,4,Others/No OS/Linux,2.2,0,0,Intel Core i5,0,128,Intel,24935.04
Lenovo,Notebook,15.6,1920x1080,4,Windows,1.8,0,0,Intel Core i5,0,256,Intel,44169.12
Lenovo,2 in 1 Convertible,14.0,1920x1080,4,Windows,1.8,1,1,Intel Core i7,0,128,Intel,33992.64
Dell,2 in 1 Convertible,15.6,1920x1080,16,Windows,2.0,1,0,Intel Core i7,0,512,Intel,68464.8
Lenovo,2 in 1 Convertible,14.0,2560x1440,8,Windows,1.42,1,1,Intel Core i5,0,256,Intel,124142.4
Lenovo,Notebook,14.0,1366x768,4,Windows,1.43,0,0,Other Intel Processor,0,0,Intel,14598.72
HP,Notebook,14.0,1920x1080,4,Windows,1.48,0,0,Intel Core i5,0,256,Intel,84715.2
Mediacom,Notebook,13.3,1920x1080,4,Windows,1.35,0,1,Other Intel Processor,0,0,Intel,13586.4
Asus,Notebook,15.6,1366x768,4,Windows,1.86,0,0,Other Intel Processor,0,128,Intel,22324.32
Lenovo,Gaming,17.3,1920x1080,32,Windows,4.6,0,1,Intel Core i7,1000,256,Nvidia,141884.63999999998
Asus,Gaming,15.6,1920x1080,16,Windows,2.59,0,1,Intel Core i7,1000,128,Nvidia,71341.92
Dell,Notebook,17.3,1920x1080,8,Others/No OS/Linux,2.8,0,1,Intel Core i5,1000,128,AMD,47365.92
MSI,Gaming,15.6,1920x1080,16,Windows,2.94,0,0,Intel Core i7,1000,256,Nvidia,96916.32
Dell,Ultrabook,13.3,3200x1800,8,Windows,1.2,1,0,Intel Core i7,0,256,Intel,74538.72
Dell,Notebook,14.0,1366x768,8,Windows,1.6,0,0,Intel Core i5,0,256,Intel,60031.1088
Dell,Notebook,15.6,1920x1080,8,Windows,2.36,0,0,Intel Core i5,0,256,AMD,47365.92
Lenovo,Notebook,15.6,1366x768,4,Windows,2.3,0,0,Intel Core i3,0,128,Intel,30103.2
Acer,2 in 1 Convertible,13.3,1920x1080,8,Windows,1.5,1,1,Intel Core i5,0,256,Intel,45128.16
Dell,2 in 1 Convertible,15.6,1920x1080,4,Windows,2.08,1,1,Intel Core i3,1000,0,Intel,42410.3472
Lenovo,Notebook,17.3,1920x1080,8,Windows,3.4,0,1,Intel Core i7,0,256,Nvidia,159786.72
Toshiba,Notebook,14.0,1920x1080,8,Windows,1.25,1,1,Intel Core i5,0,256,Intel,81784.8
Lenovo,Gaming,15.6,1920x1080,8,Others/No OS/Linux,2.5,0,1,Intel Core i5,1000,0,Nvidia,54185.76
HP,2 in 1 Convertible,13.3,3200x1800,16,Windows,1.42,1,0,Intel Core i7,0,256,Intel,74538.72
Dell,Notebook,15.6,1920x1080,8,Windows,2.09,0,0,Intel Core i5,0,256,Intel,56633.976
Dell,Notebook,15.6,1366x768,6,Windows,2.3,1,0,Intel Core i3,1000,0,Intel,23389.92
Acer,Notebook,15.6,1366x768,12,Windows,2.2,0,1,Intel Core i5,1000,0,Nvidia,36975.7872
Apple,Ultrabook,12.0,2304x1440,8,Mac,0.92,0,1,Other Intel Processor,0,0,Intel,62071.2
Lenovo,Notebook,15.6,1366x768,4,Windows,2.38,0,0,Intel Core i5,500,0,Intel,56210.4
Lenovo,Notebook,14.0,1920x1080,8,Windows,1.9,0,1,Intel Core i5,0,256,Intel,49976.64
Asus,Notebook,17.3,1366x768,4,Windows,2.8,0,0,Other Intel Processor,1000,0,Nvidia,25059.715199999995
HP,Notebook,15.6,1920x1080,12,Windows,2.21,0,1,Intel Core i7,1000,128,Nvidia,70702.56
Dell,Ultrabook,13.3,3200x1800,8,Windows,1.29,1,0,Intel Core i5,0,256,Intel,86526.72
Lenovo,Ultrabook,14.0,1920x1080,16,Windows,1.14,0,1,Intel Core i7,0,512,Intel,130536.0
Dell,Notebook,15.6,1366x768,4,Others/No OS/Linux,2.18,0,0,Intel Core i3,1000,0,Intel,23650.992
Toshiba,Notebook,13.3,1920x1080,8,Windows,1.2,0,0,Intel Core i5,0,256,Intel,81784.8
Lenovo,Notebook,15.6,1366x768,4,Others/No OS/Linux,1.9,0,0,Intel Core i5,1000,0,Intel,26101.872
HP,Notebook,17.3,1920x1080,4,Windows,2.5,0,1,Intel Core i3,0,256,AMD,37242.72
Asus,Notebook,15.6,1920x1080,6,Windows,2.0,0,0,Intel Core i3,0,256,Nvidia,30742.56
Dell,Netbook,11.6,1366x768,4,Windows,1.63,0,0,Other Intel Processor,0,128,Intel,39640.32
Toshiba,Ultrabook,13.3,1920x1080,16,Windows,1.2,0,0,Intel Core i7,0,512,Intel,93080.16
Lenovo,2 in 1 Convertible,13.9,1920x1080,8,Windows,1.4,1,1,Intel Core i5,0,256,Intel,85194.72
HP,Notebook,15.6,1366x768,4,Windows,2.31,0,0,Intel Core i5,500,0,Intel,63882.72
HP,Notebook,15.6,1366x768,4,Others/No OS/Linux,1.96,0,0,Intel Core i5,500,0,Intel,26586.72
HP,Notebook,14.0,1366x768,4,Windows,1.95,0,0,Intel Core i5,500,0,Intel,61218.72
Asus,Notebook,15.6,1920x1080,8,Windows,2.0,0,0,Other Intel Processor,0,128,Intel,31003.632
Dell,Gaming,15.6,3840x2160,16,Windows,2.65,0,1,Intel Core i7,1000,512,Nvidia,98301.6
HP,Notebook,15.6,1366x768,8,Windows,2.05,0,0,Intel Core i7,1000,0,Intel,31861.44
HP,Notebook,15.6,1920x1080,8,Windows,1.91,0,1,Intel Core i7,1000,0,Nvidia,52161.12
Asus,Notebook,15.6,1920x1080,4,Others/No OS/Linux,2.0,0,0,Intel Core i3,1000,0,Intel,20725.92
Lenovo,Notebook,17.3,3840x2160,16,Windows,2.4,0,1,Intel Core i7,0,512,Nvidia,158135.04
Asus,Notebook,15.6,1366x768,4,Windows,2.37,0,0,Intel Core i3,1000,0,Intel,21258.1872
Asus,Notebook,14.0,1366x768,4,Windows,1.5,0,0,Other Intel Processor,0,0,Intel,15238.08
Lenovo,Gaming,15.6,1920x1080,16,Windows,2.5,0,1,Intel Core i7,1000,256,Nvidia,62817.12
Dell,Notebook,15.6,1366x768,8,Windows,2.14,0,0,Intel Core i5,1000,0,Intel,28768.536
Asus,Gaming,17.3,1920x1080,16,Windows,3.0,0,0,Intel Core i7,1000,256,Nvidia,84768.48
Dell,2 in 1 Convertible,11.6,1366x768,4,Windows,1.39,1,0,Other Intel Processor,0,128,Intel,32127.84
HP,Gaming,15.6,1920x1080,8,Windows,2.62,0,1,Intel Core i7,1000,0,Nvidia,47898.72
HP,Workstation,15.6,1920x1080,8,Windows,1.9,0,0,Intel Core i7,0,256,AMD,79653.59999999999
Razer,Gaming,14.0,1920x1080,16,Windows,1.95,0,0,Intel Core i7,0,256,Nvidia,138474.72
Lenovo,Notebook,15.6,1920x1080,8,Others/No OS/Linux,2.32,0,0,Intel Core i5,1000,0,AMD,31914.72
Lenovo,Gaming,15.6,1920x1080,8,Windows,3.2,0,1,Intel Core i7,1000,256,Nvidia,74538.72
HP,Notebook,15.6,1920x1080,8,Windows,1.86,0,0,Intel Core i5,0,256,Intel,36763.2
Apple,Ultrabook,12.0,2304x1440,8,Mac,0.92,0,1,Other Intel Processor,0,256,Intel,67260.672
Lenovo,2 in 1 Convertible,14.0,2560x1440,8,Windows,1.36,1,1,Intel Core i5,0,256,Intel,87219.36
MSI,Gaming,15.6,1920x1080,16,Windows,1.8,0,0,Intel Core i7,1000,256,Nvidia,102777.12
Asus,Gaming,15.6,1920x1080,8,Windows,1.99,0,0,Intel Core i7,1000,128,Nvidia,71928.0
Acer,Notebook,15.6,1920x1080,8,Others/No OS/Linux,2.4,0,0,Intel Core i7,1000,0,Nvidia,45074.88
Lenovo,Gaming,15.6,1920x1080,8,Others/No OS/Linux,2.4,0,1,Intel Core i5,0,256,Nvidia,41505.12
Asus,Ultrabook,13.3,3200x1800,8,Windows,1.2,0,1,Intel Core i5,0,256,Intel,60153.12
Lenovo,Notebook,17.3,1600x900,8,Others/No OS/Linux,2.8,0,0,Intel Core i5,1000,0,Nvidia,31381.92
Vero,Notebook,14.0,1920x1080,4,Windows,1.22,0,0,Other Intel Processor,0,0,Intel,10810.512
Lenovo,Notebook,15.6,1920x1080,4,Windows,2.3,0,1,Intel Core i5,1000,0,Nvidia,52054.56
Dell,Notebook,15.6,1920x1080,4,Windows,2.18,0,0,Intel Core i5,1000,128,Nvidia,48618.0
HP,Notebook,15.6,1920x1080,8,Windows,1.84,0,0,Intel Core i5,0,256,Intel,60952.32
HP,Notebook,17.3,1920x1080,8,Windows,2.63,0,0,Intel Core i7,0,256,Nvidia,63936.0
Lenovo,Gaming,15.6,1920x1080,8,Windows,3.2,0,1,Intel Core i7,1000,0,Nvidia,69210.72
HP,Notebook,15.6,1366x768,4,Windows,2.04,0,0,Intel Core i3,0,256,Intel,41025.0672
Dell,2 in 1 Convertible,11.6,1366x768,4,Windows,1.47,1,0,Other Intel Processor,500,0,Intel,25521.12
Lenovo,Ultrabook,14.0,1920x1080,8,Windows,1.32,0,0,Intel Core i7,0,256,Intel,99047.52
Lenovo,Notebook,15.6,1920x1080,8,Windows,2.05,0,0,Intel Core i7,0,256,Intel,46886.4
Asus,Notebook,13.3,3200x1800,8,Windows,1.4,0,0,Intel Core i5,0,256,Intel,61272.0
Lenovo,Notebook,15.6,1366x768,4,Windows,2.1,0,0,Intel Core i5,0,128,Intel,26267.04
Acer,Notebook,17.3,1920x1080,4,Windows,3.0,0,1,Intel Core i5,0,256,Nvidia,42890.4
HP,Notebook,15.6,1920x1080,4,Windows,2.1,0,0,AMD Processor,1000,0,AMD,26053.92
Asus,Gaming,17.3,1920x1080,16,Windows,2.9,0,0,Intel Core i7,1000,256,Nvidia,81465.12
Lenovo,Notebook,15.6,1366x768,8,Windows,2.2,0,0,AMD Processor,1000,0,AMD,22857.12
HP,Gaming,17.3,1920x1080,8,Windows,3.35,0,1,Intel Core i5,1000,128,Nvidia,60153.12
Dell,Ultrabook,13.3,3840x2160,8,Windows,1.21,1,1,Intel Core i5,0,128,Intel,85194.72
Toshiba,Ultrabook,13.3,1920x1080,8,Windows,1.2,0,0,Intel Core i5,0,256,Intel,84715.2
HP,Ultrabook,12.5,1366x768,4,Windows,1.26,0,0,Intel Core i5,0,256,Intel,83063.52
Lenovo,Gaming,15.6,1920x1080,16,Windows,2.4,0,0,Intel Core i7,0,512,Nvidia,63882.72
Lenovo,Gaming,15.6,1920x1080,16,Others/No OS/Linux,2.4,0,0,Intel Core i7,0,512,Nvidia,74485.44
Apple,Ultrabook,13.3,1440x900,8,Mac,1.35,0,0,Intel Core i5,0,0,Intel,53173.44
Asus,2 in 1 Convertible,15.6,1920x1080,12,Windows,2.3,1,0,Intel Core i7,2000,0,Nvidia,44701.92
HP,Ultrabook,13.3,1920x1080,8,Windows,1.34,0,1,Intel Core i7,0,512,Intel,70489.44
Asus,Notebook,15.6,1366x768,4,Windows,2.2,0,0,Intel Core i7,500,0,Nvidia,38378.6496
Acer,Notebook,15.6,1920x1080,8,Windows,2.2,0,0,Intel Core i7,1000,0,Nvidia,36709.92
HP,Notebook,15.6,1920x1080,8,Windows,2.04,0,0,Intel Core i7,1000,0,Nvidia,47952.0
Asus,Notebook,15.6,1920x1080,8,Windows,2.5,0,0,Intel Core i5,1000,128,Nvidia,44701.92
Lenovo,Notebook,15.6,3840x2160,16,Windows,2.5,0,0,Intel Core i7,0,512,Nvidia,126273.6
Asus,Notebook,17.3,1920x1080,8,Windows,2.1,0,0,Intel Core i7,1000,128,Nvidia,61005.6
Dell,Notebook,15.6,1920x1080,4,Windows,2.2,0,0,Intel Core i3,0,256,AMD,26581.392
Dell,Notebook,15.6,1920x1080,8,Windows,2.33,0,0,Intel Core i5,1000,128,AMD,44968.32
HP,Notebook,15.6,1920x1080,8,Windows,1.84,0,0,Intel Core i7,0,256,Intel,64948.32
Dell,Workstation,15.6,1920x1080,8,Windows,2.23,0,0,Intel Core i5,500,0,AMD,72940.31999999999
Acer,Notebook,15.6,1366x768,4,Windows,2.1,0,0,Other Intel Processor,1000,0,Intel,19367.8128
Asus,Gaming,17.3,1920x1080,16,Windows,2.73,0,0,Intel Core i7,1000,512,Nvidia,95850.72
Asus,Netbook,11.6,1366x768,2,Windows,0.98,0,0,Other Intel Processor,0,0,Intel,10224.432
Acer,Ultrabook,14.0,1920x1080,8,Windows,1.8,0,1,Intel Core i5,0,256,Intel,48964.32
Dell,Notebook,15.6,3840x2160,8,Windows,2.04,1,1,Intel Core i5,0,256,Nvidia,119916.2304
Lenovo,Ultrabook,14.0,2560x1440,16,Windows,1.1,0,1,Intel Core i7,0,512,Intel,111834.72
HP,Ultrabook,13.3,3200x1800,16,Windows,1.16,1,1,Other Intel Processor,0,512,Intel,104695.2
Asus,Notebook,15.6,1366x768,4,Windows,2.2,0,0,Intel Core i7,500,0,Nvidia,38378.6496
HP,Notebook,15.6,1366x768,4,Windows,1.86,0,0,Intel Core i5,500,0,AMD,32639.8608
HP,2 in 1 Convertible,11.6,1366x768,4,Windows,1.45,1,0,Other Intel Processor,0,256,Intel,41292.0
Dell,Notebook,17.3,1920x1080,8,Windows,2.8,0,0,Intel Core i7,1000,128,AMD,57808.8
HP,Notebook,15.6,1920x1080,8,Windows,2.04,0,1,Intel Core i5,1000,128,Nvidia,52161.12
HP,Notebook,15.6,1920x1080,4,Windows,2.1,0,1,Intel Core i7,500,0,AMD,36709.92
Dell,Ultrabook,13.3,1920x1080,8,Windows,1.29,1,1,Intel Core i5,0,128,Intel,47898.72
Lenovo,2 in 1 Convertible,10.1,1920x1200,4,Windows,0.69,1,1,Other Intel Processor,0,0,Intel,34433.2656
Asus,Notebook,15.6,3840x2160,12,Windows,2.06,0,1,Intel Core i7,1000,128,Intel,69210.72
Asus,Notebook,15.6,1366x768,4,Windows,2.0,0,0,Other Intel Processor,1000,0,Intel,23922.72
HP,Notebook,15.6,1920x1080,8,Windows,1.86,0,0,Intel Core i3,0,256,Intel,28717.92
Asus,Notebook,15.6,1366x768,4,Windows,1.68,0,0,AMD Processor,1000,0,AMD,24988.32
Lenovo,Gaming,15.6,1920x1080,8,Windows,2.5,0,1,Intel Core i5,1000,128,Nvidia,53226.72
HP,Notebook,17.3,1600x900,8,Windows,2.5,0,0,Intel Core i3,0,256,Intel,34093.872
HP,Notebook,15.6,1920x1080,6,Windows,2.18,0,1,Intel Core i7,1000,0,Nvidia,42570.72
Dell,Notebook,17.3,1920x1080,8,Others/No OS/Linux,2.8,0,0,Intel Core i7,1000,128,AMD,58554.72
Dell,Gaming,17.3,3840x2160,16,Windows,4.36,0,1,Intel Core i7,1000,512,Nvidia,168045.12
Acer,Notebook,17.3,1600x900,4,Windows,3.3,0,0,Intel Core i3,1000,0,Nvidia,31861.44
Lenovo,Ultrabook,14.0,2560x1440,8,Windows,1.13,0,1,Intel Core i7,0,512,Intel,121584.96
HP,Netbook,12.5,1366x768,8,Windows,1.26,0,0,Intel Core i5,0,256,Intel,74005.92
Lenovo,2 in 1 Convertible,13.9,3840x2160,16,Windows,1.4,1,1,Intel Core i7,0,512,Intel,111834.72
Acer,Notebook,15.6,1366x768,4,Others/No OS/Linux,2.1,0,0,Other Intel Processor,1000,0,Intel,15877.44
Dell,Notebook,15.6,1366x768,8,Windows,2.36,0,0,Intel Core i5,1000,0,AMD,34045.3872
Lenovo,Notebook,15.6,1920x1080,4,Others/No OS/Linux,2.2,0,0,Intel Core i3,1000,0,AMD,25521.12
Dell,Notebook,15.6,1366x768,4,Others/No OS/Linux,2.09,0,0,Intel Core i5,500,0,Intel,27899.0064
HP,Notebook,15.6,1920x1080,8,Windows,1.96,0,0,Intel Core i5,0,256,Intel,31914.1872
MSI,Gaming,17.3,1920x1080,8,Windows,2.7,0,0,Intel Core i7,1000,256,Nvidia,63882.72
Lenovo,Notebook,13.3,1920x1080,16,Windows,1.4,0,1,Intel Core i7,0,512,Intel,79866.72
Acer,Notebook,15.6,1366x768,4,Windows,2.2,0,0,Intel Core i3,500,0,Nvidia,24988.32
MSI,Gaming,15.6,1920x1080,16,Windows,1.8,0,0,Intel Core i7,2000,256,Nvidia,119427.12
HP,Notebook,14.0,1920x1080,4,Windows,1.54,0,0,Intel Core i5,500,0,Intel,53280.0
Acer,Notebook,15.6,1920x1080,8,Windows,2.4,0,0,Intel Core i5,1000,256,Nvidia,42570.72
HP,Notebook,15.6,1366x768,8,Windows,2.04,0,0,Intel Core i7,2000,0,Intel,33513.119999999995
Dell,Notebook,15.6,1366x768,8,Others/No OS/Linux,2.3,0,0,Intel Core i7,1000,0,AMD,42943.1472
Lenovo,Notebook,15.6,1920x1080,8,Windows,2.3,0,1,Intel Core i5,1000,0,Intel,45323.1648
Lenovo,2 in 1 Convertible,10.1,1920x1200,4,Windows,0.69,1,1,Other Intel Processor,0,0,Intel,25521.12
